"","date","value","year","month","day","next_day","X","Max_temp","Avg_temp","Min_temp","Max_dew","Avg_dew","Min_dew","Max__humidity","Avg__humidity","Min__humidity","Max_wind","Avg_wind","Min_wind","Max_pressure","Avg_pressure","Min_pressure","Total_percipitation"
"1",2016-04-09,2,2016,4,9,4,69,57,54.5,54,54,53.3,52,100,95.3,82,10,7.1,3,29.3,29.3,29.2,0
"2",2016-04-10,4,2016,4,10,1,70,54,51.3,48,52,47.5,46,100,88.7,77,16,10.3,6,29.5,29.4,29.3,0
"3",2016-04-11,1,2016,4,11,15,71,63,54.5,48,48,45.3,43,88,72.5,55,14,9.4,5,29.6,29.5,29.5,0
"4",2016-04-12,15,2016,4,12,8,72,75,61,45,48,44.6,41,93,58.9,31,12,6.4,2,29.6,29.6,29.5,0
"5",2016-04-13,8,2016,4,13,5,73,77,64.7,54,55,47.5,43,77,55.7,32,9,5.5,1,29.5,29.5,29.3,0
"6",2016-04-15,5,2016,4,15,43,75,68,56.1,46,52,45,41,100,69.2,37,17,10,3,29.7,29.6,29.5,0
"7",2016-04-16,43,2016,4,16,28,76,81,66.3,50,52,42.9,34,82,46.7,21,14,8,3,29.6,29.6,29.5,0
"8",2016-04-17,28,2016,4,17,19,77,84,69.8,50,55,45.1,36,72,42.8,25,14,6.8,0,29.6,29.6,29.5,0
"9",2016-04-18,19,2016,4,18,8,78,81,69.2,54,52,48.8,43,77,50.3,26,10,5.5,1,29.6,29.6,29.6,0
"10",2016-04-19,8,2016,4,19,28,79,66,59,50,54,49.8,43,100,72.4,52,21,11.5,3,29.7,29.6,29.6,0
"11",2016-04-20,28,2016,4,20,3,80,63,52.4,43,48,37.3,28,94,60.4,29,18,13.7,5,30,29.9,29.7,0
"12",2016-04-21,3,2016,4,21,28,81,64,52.4,41,39,34.2,30,81,53.6,28,8,4.3,1,30,29.9,29.8,0
"13",2016-04-22,28,2016,4,22,4,82,70,57.6,39,46,38.6,32,76,51,34,7,4.6,1,29.8,29.6,29.5,0
"14",2016-04-28,4,2016,4,28,2,88,59,50.6,43,46,42.2,37,93,74.4,59,13,6,0,29.8,29.7,29.6,0
"15",2016-04-29,2,2016,4,29,2,89,54,51,48,50,48.7,46,100,93,82,12,7.8,3,29.8,29.7,29.6,0
"16",2016-05-02,2,2016,5,2,6,92,59,55.9,54,54,50.1,48,94,81.2,67,18,11.2,6,29.6,29.5,29.5,0
"17",2016-05-05,6,2016,5,5,4,95,68,55.5,46,57,50.9,46,100,85.6,59,13,8.8,2,29.7,29.7,29.7,0
"18",2016-05-06,4,2016,5,6,4,96,70,58,46,54,50.1,46,100,77.5,46,13,7.5,5,29.7,29.7,29.6,0
"19",2016-05-07,4,2016,5,7,1,97,72,60,50,55,49.1,43,100,70.7,38,15,6.4,2,29.6,29.6,29.6,0
"20",2016-05-08,1,2016,5,8,2,98,68,59.6,46,50,45.3,41,100,62.2,40,8,4,0,29.7,29.7,29.6,0
"21",2016-05-10,2,2016,5,10,17,100,70,59.6,50,59,52.8,46,100,79.8,56,10,6,0,29.7,29.7,29.6,0
"22",2016-05-11,17,2016,5,11,1,101,73,63.9,54,61,57.1,54,100,80.3,57,9,4.7,1,29.6,29.5,29.4,0
"23",2016-05-12,1,2016,5,12,17,102,70,63.1,57,64,59,55,100,87.4,64,14,7.2,2,29.4,29.3,29.1,0
"24",2016-05-13,17,2016,5,13,19,103,73,62.7,52,55,52,48,100,70.4,46,20,8.6,3,29.2,29.2,29.2,0
"25",2016-05-15,19,2016,5,15,6,105,61,55.4,46,57,51.7,39,100,87.8,58,18,10.3,5,29.7,29.5,29.4,0
"26",2016-05-16,6,2016,5,16,2,106,59,51.1,45,46,43,37,100,75.9,45,13,7.6,3,29.7,29.7,29.7,0
"27",2016-05-17,2,2016,5,17,6,107,64,54,45,45,41.8,37,93,66,40,10,4.5,0,29.7,29.7,29.7,0
"28",2016-05-18,6,2016,5,18,18,108,68,57.5,50,46,44,37,87,63,39,7,3.5,0,29.7,29.7,29.6,0
"29",2016-05-19,18,2016,5,19,14,109,73,63.9,54,52,45.9,41,77,54.2,31,10,6.1,2,29.6,29.5,29.5,0
"30",2016-05-20,14,2016,5,20,32,110,64,59.7,54,57,54.4,52,100,82.3,64,7,3.6,0,29.6,29.6,29.5,0
"31",2016-05-21,32,2016,5,21,41,111,75,64.6,50,57,47.4,43,100,58.5,31,13,6.8,0,29.7,29.7,29.6,0
"32",2016-05-22,41,2016,5,22,56,112,79,65.4,50,55,49.8,45,88,60,34,9,4.3,0,29.7,29.7,29.6,0
"33",2016-05-23,56,2016,5,23,33,113,84,71.4,57,57,52.9,50,77,54.1,30,12,6.7,2,29.6,29.5,29.4,0
"34",2016-05-24,33,2016,5,24,16,114,70,63.4,57,57,49.6,45,94,62.3,43,18,10.1,2,29.4,29.4,29.3,0
"35",2016-05-25,16,2016,5,25,28,115,73,61.8,55,59,55.9,50,100,82.6,56,23,14.2,5,29.5,29.4,29.3,0
"36",2016-05-26,28,2016,5,26,117,116,77,65.6,55,61,56.5,54,100,75.1,44,12,6.1,0,29.6,29.6,29.5,0
"37",2016-05-27,117,2016,5,27,159,117,81,70.1,59,61,56.8,54,94,66.1,39,6,3.5,0,29.7,29.7,29.6,0
"38",2016-05-28,159,2016,5,28,128,118,84,73.7,59,61,56.6,54,88,58.1,35,12,7.1,3,29.6,29.6,29.5,0
"39",2016-05-29,128,2016,5,29,32,119,88,74.6,61,64,61,57,94,64.5,38,8,4.8,1,29.5,29.4,29.4,0
"40",2016-05-30,32,2016,5,30,19,120,84,75.2,64,64,58.8,55,83,58.1,39,14,6,1,29.5,29.4,29.4,0
"41",2016-05-31,19,2016,5,31,45,121,82,72.5,61,61,55.5,50,94,59.1,32,9,5.5,1,29.6,29.6,29.5,0
"42",2016-06-01,45,2016,6,1,27,122,79,67.7,59,63,58.5,55,100,74.7,50,16,6.4,1,29.6,29.6,29.5,0
"43",2016-06-02,27,2016,6,2,13,123,75,64.9,57,61,57,54,100,78.5,47,10,5.9,2,29.6,29.5,29.5,0
"44",2016-06-03,13,2016,6,3,36,124,75,65.9,59,63,58.3,55,100,78.2,53,13,6.2,2,29.5,29.5,29.4,0
"45",2016-06-04,36,2016,6,4,26,125,75,67.2,61,64,60.2,57,100,79.7,57,12,5.9,0,29.6,29.5,29.5,0
"46",2016-06-05,26,2016,6,5,28,126,79,67.8,57,63,60.5,57,100,79,57,13,4.9,0,29.6,29.6,29.5,0
"47",2016-06-06,28,2016,6,6,15,127,73,64.6,59,64,61.9,59,100,91.4,73,17,9.3,3,29.7,29.6,29.6,0
"48",2016-06-07,15,2016,6,7,21,128,73,65.5,57,61,52.7,48,100,67.2,41,13,5.6,0,29.8,29.8,29.7,0
"49",2016-06-08,21,2016,6,8,59,129,75,65,50,55,49,45,100,59.8,36,7,3.5,0,29.8,29.7,29.6,0
"50",2016-06-09,59,2016,6,9,40,130,79,68.3,54,55,52.9,50,94,59.6,39,10,4.8,1,29.6,29.6,29.5,0
"51",2016-06-10,40,2016,6,10,43,131,79,68.8,59,63,57.2,54,94,67.4,47,8,6.1,2,29.5,29.5,29.5,0
"52",2016-06-11,43,2016,6,11,118,132,81,70.5,63,64,61.2,59,94,74.1,48,15,6.3,1,29.6,29.5,29.5,0
"53",2016-06-12,118,2016,6,12,31,133,77,67.6,63,64,62,57,100,83.4,53,16,6.4,0,29.5,29.5,29.4,0
"54",2016-06-13,31,2016,6,13,47,134,72,64.8,61,64,62.2,57,100,91.7,68,12,6.5,2,29.4,29.3,29.2,0
"55",2016-06-14,47,2016,6,14,36,135,79,68.6,59,63,59.9,55,100,76.7,47,15,9.8,3,29.2,29.2,29.2,0
"56",2016-06-15,36,2016,6,15,159,136,81,70.8,61,64,59.9,55,94,70.2,42,10,5.2,0,29.4,29.3,29.2,0
"57",2016-06-16,159,2016,6,16,181,137,88,77.1,63,64,60.5,55,94,59.3,37,20,11.2,5,29.5,29.5,29.4,0
"58",2016-06-17,181,2016,6,17,163,138,97,85.7,73,70,61.4,57,78,45.7,27,25,13.3,5,29.6,29.5,29.4,0
"59",2016-06-18,163,2016,6,18,48,139,82,73.8,66,68,60.5,50,94,66.3,32,9,4.5,1,29.7,29.6,29.6,0
"60",2016-06-19,48,2016,6,19,94,140,81,70.3,64,68,64.8,63,100,84.3,57,24,6.5,2,29.6,29.6,29.5,0
"61",2016-06-20,94,2016,6,20,110,141,84,70.7,61,73,65.9,61,100,86.5,58,16,5.3,0,29.7,29.6,29.6,0
"62",2016-06-21,110,2016,6,21,260,142,77,71.3,66,70,67.5,66,100,88.6,73,8,5.7,2,29.8,29.8,29.7,0
"63",2016-06-22,260,2016,6,22,180,143,88,78.3,70,75,70.4,66,94,78.1,58,6,3.8,0,29.9,29.8,29.8,0
"64",2016-06-23,180,2016,6,23,154,144,91,81.3,70,73,71.8,68,100,74.8,52,12,5.3,0,29.8,29.8,29.7,0
"65",2016-06-24,154,2016,6,24,118,145,91,82,70,73,69.8,63,100,68.9,46,16,8,0,29.8,29.7,29.6,0
"66",2016-06-25,118,2016,6,25,108,146,90,80.9,68,72,65.8,61,83,60.8,49,20,11.3,1,29.6,29.6,29.5,0
"67",2016-06-26,108,2016,6,26,68,147,90,79.7,68,68,63.5,57,88,59.9,35,13,8,2,29.6,29.6,29.5,0
"68",2016-06-27,68,2016,6,27,36,148,86,73.2,63,66,64.3,61,100,76.3,48,25,7,1,29.6,29.6,29.5,0
"69",2016-06-28,36,2016,6,28,80,149,73,65.5,63,64,62.2,59,100,89.5,69,16,11.9,7,29.6,29.6,29.6,0
"70",2016-06-29,80,2016,6,29,61,150,81,71.8,61,63,61,59,100,71,51,8,4.9,0,29.7,29.6,29.6,0
"71",2016-06-30,61,2016,6,30,109,151,86,75.3,63,64,61.9,57,94,65.3,40,6,3.8,0,29.7,29.6,29.6,0
"72",2016-07-01,109,2016,7,1,135,152,88,77.8,66,68,65,63,100,67.2,46,9,3.7,0,29.7,29.7,29.6,0
"73",2016-07-02,135,2016,7,2,70,153,88,79.5,70,70,66,64,94,66.4,46,7,4,0,29.7,29.6,29.5,0
"74",2016-07-03,70,2016,7,3,31,154,84,75.4,68,72,65.3,57,94,71.8,54,15,8.1,0,29.7,29.6,29.5,0
"75",2016-07-05,31,2016,7,5,45,156,82,73.3,61,59,55.5,52,88,56.2,35,7,4.5,1,29.8,29.7,29.6,0
"76",2016-07-06,45,2016,7,6,90,157,82,72.9,63,64,59.9,55,88,64.9,45,16,7.1,1,29.7,29.6,29.6,0
"77",2016-07-07,90,2016,7,7,64,158,77,69.5,59,61,51.5,45,88,56.2,34,15,7.2,0,29.8,29.8,29.7,0
"78",2016-07-08,64,2016,7,8,96,159,81,70.8,59,57,52,46,82,54.8,32,8,3.9,0,29.8,29.8,29.7,0
"79",2016-07-09,96,2016,7,9,151,160,86,74.7,61,66,58,52,82,57.6,40,13,6.4,0,29.7,29.7,29.6,0
"80",2016-07-10,151,2016,7,10,114,161,86,76.5,66,61,57.6,55,78,54.1,37,12,5.9,2,29.7,29.7,29.7,0
"81",2016-07-11,114,2016,7,11,128,162,88,78.1,64,63,57,54,77,51,31,9,5.4,0,29.7,29.6,29.6,0
"82",2016-07-12,128,2016,7,12,68,163,95,82.1,66,64,59.8,54,68,48,32,14,6.5,1,29.6,29.5,29.5,0
"83",2016-07-13,68,2016,7,13,37,164,95,84.6,75,68,63.6,59,62,49.9,32,13,7.5,2,29.5,29.5,29.4,0
"84",2016-07-14,37,2016,7,14,24,165,82,73.7,64,70,64.8,61,94,74.6,54,18,9.1,1,29.6,29.4,29.3,0
"85",2016-07-15,24,2016,7,15,6,166,70,63.7,59,63,57.1,52,100,79.6,56,16,9.9,2,29.7,29.6,29.5,0
"86",2016-07-16,6,2016,7,16,30,167,66,60.8,57,59,57.1,54,100,88.8,68,18,12.8,5,29.6,29.5,29.4,0
"87",2016-07-17,30,2016,7,17,64,168,64,60.8,57,61,58.9,57,100,94.3,82,17,11.8,8,29.7,29.6,29.6,0
"88",2016-07-18,64,2016,7,18,32,169,79,70.1,63,63,59.4,57,88,70.3,51,15,10.9,5,29.7,29.7,29.6,0
"89",2016-07-19,32,2016,7,19,167,170,77,69.3,63,64,59.9,57,100,73.6,50,16,9.1,3,29.7,29.7,29.7,0
"90",2016-07-20,167,2016,7,20,98,171,81,71.5,61,63,60.3,59,94,69.8,48,15,7.3,2,29.7,29.7,29.6,0
"91",2016-07-21,98,2016,7,21,112,172,84,73.9,63,66,60.7,57,94,65.7,40,10,4.7,0,29.7,29.7,29.6,0
"92",2016-07-22,112,2016,7,22,53,173,88,77.2,63,64,61,57,88,59.2,35,9,4.9,1,29.6,29.6,29.6,0
"93",2016-07-23,53,2016,7,23,72,174,90,79.5,66,66,63.9,61,94,61.9,40,8,3.1,0,29.6,29.6,29.6,0
"94",2016-07-24,72,2016,7,24,62,175,90,81,68,72,67.8,66,94,66.4,46,8,3.5,0,29.6,29.6,29.6,0
"95",2016-07-25,62,2016,7,25,67,176,88,75.9,68,68,64.7,63,94,70.8,43,22,7.8,2,29.7,29.6,29.6,0
"96",2016-07-26,67,2016,7,26,161,177,79,72.3,66,68,66.2,64,100,82.4,61,8,4.3,2,29.7,29.6,29.6,0
"97",2016-07-27,161,2016,7,27,84,178,86,75.9,64,68,66.7,64,100,75.7,48,9,3.7,0,29.7,29.6,29.6,0
"98",2016-07-28,84,2016,7,28,89,179,88,76.3,68,70,66.9,64,100,75.1,46,12,5.8,0,29.6,29.6,29.6,0
"99",2016-07-29,89,2016,7,29,184,180,82,74.3,66,70,67.4,66,100,80.5,58,8,3.9,1,29.6,29.6,29.6,0
"100",2016-07-30,184,2016,7,30,166,181,88,78.5,68,70,64.8,59,100,66.2,38,6,3.7,1,29.7,29.6,29.6,0
"101",2016-07-31,166,2016,7,31,95,182,91,80,64,66,63,57,94,59.3,31,10,5.4,0,29.6,29.6,29.5,0
"102",2016-08-01,95,2016,8,1,36,183,84,74.9,66,66,64.4,59,100,71.2,51,22,10.7,2,29.6,29.6,29.5,0
"103",2016-08-02,36,2016,8,2,175,184,77,69.3,63,66,63.8,61,100,83.5,57,14,8.6,0,29.7,29.6,29.6,0
"104",2016-08-03,175,2016,8,3,53,185,82,72.4,61,63,58.8,52,94,65.5,37,10,5.6,0,29.7,29.7,29.6,0
"105",2016-08-04,53,2016,8,4,45,186,86,75.7,63,68,62.8,61,94,66,43,8,4.7,0,29.7,29.7,29.6,0
"106",2016-08-05,45,2016,8,5,54,187,93,80.7,68,66,63.1,59,88,57.9,36,20,9.5,0,29.6,29.5,29.5,0
"107",2016-08-06,54,2016,8,6,60,188,75,69.5,66,64,62.6,59,88,79.3,57,20,9.9,1,29.8,29.7,29.5,0
"108",2016-08-07,60,2016,8,7,66,189,75,69,64,64,62.1,57,94,78.5,57,18,11.5,6,29.9,29.8,29.8,0
"109",2016-08-08,66,2016,8,8,34,190,81,69.3,59,64,58.4,54,100,71.7,42,14,5.7,0,29.9,29.8,29.7,0
"110",2016-08-09,34,2016,8,9,25,191,86,74.2,63,66,63.1,61,100,70.5,45,10,4.4,0,29.7,29.6,29.6,0
"111",2016-08-10,25,2016,8,10,9,192,90,75.1,61,66,62.8,59,100,68.9,38,29,5.9,1,29.6,29.5,29.4,0
"112",2016-08-11,9,2016,8,11,124,193,61,58.8,57,59,56.7,55,100,93.6,82,17,10.7,6,29.8,29.8,29.6,0
"113",2016-08-12,124,2016,8,12,164,194,72,62.3,55,57,51.5,43,100,71.8,35,12,8.1,5,29.9,29.9,29.8,0
"114",2016-08-13,164,2016,8,13,91,195,73,63.9,54,54,48.9,41,88,62.1,33,8,4.1,0,29.9,29.9,29.9,0
"115",2016-08-14,91,2016,8,14,158,196,79,68.3,55,55,53.4,50,94,61.8,36,6,4.2,2,29.9,29.9,29.8,0
"116",2016-08-15,158,2016,8,15,66,197,84,72.2,57,59,56.4,54,94,61.3,37,7,2.9,0,29.8,29.8,29.7,0
"117",2016-08-16,66,2016,8,16,52,198,84,73.5,63,63,60.5,57,94,65.9,45,7,4.2,2,29.7,29.6,29.6,0
"118",2016-08-17,52,2016,8,17,42,199,86,71.3,64,66,63.1,61,100,77,45,20,5.8,0,29.6,29.5,29.4,0
"119",2016-08-18,42,2016,8,18,35,200,81,71.6,63,66,61.1,55,100,73.5,44,9,4.9,1,29.6,29.5,29.5,0
"120",2016-08-19,35,2016,8,19,51,201,86,73.2,61,66,61.4,57,94,69.3,40,13,4.7,0,29.6,29.6,29.5,0
"121",2016-08-20,51,2016,8,20,48,202,82,72.8,63,66,63.6,61,100,75.2,51,7,3.8,0,29.7,29.7,29.6,0
"122",2016-08-21,48,2016,8,21,14,203,90,77.8,64,68,64.3,63,100,67.2,43,18,6.2,0,29.7,29.6,29.6,0
"123",2016-08-22,14,2016,8,22,42,204,73,64.2,61,68,61.2,57,100,90.5,77,17,11.3,3,29.8,29.7,29.6,0
"124",2016-08-23,42,2016,8,23,117,205,68,63.8,61,64,61.8,59,100,93.3,83,12,7.6,3,29.9,29.8,29.8,0
"125",2016-08-24,117,2016,8,24,93,206,79,70.3,64,63,61.3,59,94,73.8,54,10,8,5,29.8,29.8,29.8,0
"126",2016-08-25,93,2016,8,25,55,207,82,70.2,59,63,59.6,57,94,71.2,45,10,5.7,1,29.8,29.8,29.7,0
"127",2016-08-26,55,2016,8,26,61,208,84,72.6,61,63,61.4,59,100,70,45,6,3.8,0,29.8,29.8,29.8,0
"128",2016-08-27,61,2016,8,27,40,209,84,73.6,63,61,55.8,52,83,56.1,37,10,5,0,29.9,29.8,29.8,0
"129",2016-08-28,40,2016,8,28,27,210,86,73.8,59,63,56,52,94,58.3,31,12,5,0,29.8,29.7,29.7,0
"130",2016-08-29,27,2016,8,29,13,211,88,74.6,61,61,57.2,54,94,58.8,33,8,3.6,0,29.7,29.6,29.6,0
"131",2016-08-30,13,2016,8,30,15,212,86,73.5,63,64,62,57,100,69.2,43,15,8.5,2,29.8,29.7,29.6,0
"132",2016-08-31,15,2016,8,31,20,213,82,71.8,59,59,55.2,52,94,59.1,35,9,5.8,1,29.8,29.8,29.8,0
"133",2016-09-01,20,2016,9,1,17,214,82,71.6,57,61,57.6,54,88,62.9,45,10,4.7,0,29.8,29.8,29.7,0
"134",2016-09-02,17,2016,9,2,7,215,84,73,61,57,53.3,52,77,52.3,33,10,4.7,1,29.8,29.7,29.7,0
"135",2016-09-03,7,2016,9,3,8,216,86,72.5,61,59,54.5,48,88,57.2,28,10,5.4,1,29.7,29.7,29.7,0
"136",2016-09-04,8,2016,9,4,6,217,86,73.2,61,57,55.3,50,88,57.2,29,8,5,2,29.7,29.7,29.6,0
"137",2016-09-06,6,2016,9,6,3,219,68,61.2,55,61,57.5,55,100,88.2,68,12,6.1,1,29.8,29.7,29.6,0
"138",2016-09-08,3,2016,9,8,6,221,84,72.5,63,61,58.3,54,94,63.6,35,17,8.6,1,29.7,29.6,29.6,0
"139",2016-09-09,6,2016,9,9,6,222,86,73.2,63,59,56.1,54,77,57.3,35,14,6.8,0,29.6,29.6,29.6,0
"140",2016-09-10,6,2016,9,10,6,223,79,71.8,64,64,60.5,57,100,68.8,47,12,4.7,0,29.7,29.6,29.6,0
"141",2016-09-11,6,2016,9,11,7,224,86,75.3,64,63,60.3,57,94,61.9,37,12,5.4,0,29.7,29.7,29.6,0
"142",2016-09-12,7,2016,9,12,10,225,86,74.3,63,64,59.4,55,94,62.5,35,8,4.1,0,29.8,29.7,29.7,0
"143",2016-09-13,10,2016,9,13,6,226,84,72.2,63,63,59.7,54,94,67.7,35,17,5.4,0,29.7,29.7,29.6,0
"144",2016-09-15,6,2016,9,15,19,228,84,72,61,63,60.3,57,100,69.1,45,6,3.5,0,29.7,29.7,29.6,0
"145",2016-09-16,19,2016,9,16,4,229,88,73.8,61,61,58.6,54,100,62.9,31,8,4,1,29.7,29.6,29.6,0
"146",2016-09-17,4,2016,9,17,3,230,86,75.5,70,61,58.7,57,69,57,37,12,7.4,2,29.6,29.5,29.5,0
"147",2016-09-18,3,2016,9,18,2,231,81,70.3,63,63,57.5,52,94,66.7,39,16,4.7,0,29.6,29.5,29.4,0
"148",2016-09-27,2,2016,9,27,2,240,70,58.3,46,48,46.5,43,94,68.2,38,7,3,0,30,29.9,29.9,0
"149",2016-09-28,2,2016,9,28,2,241,72,59.6,48,50,46.7,45,94,66,38,7,4,0,30.1,30,30,0
"150",2016-09-29,2,2016,9,29,5,242,73,61.3,50,52,48.4,46,94,65.7,41,8,5.2,1,30,29.9,29.8,0
"151",2016-09-30,5,2016,9,30,4,243,79,63.9,50,54,50.1,48,100,64.7,36,6,2.9,0,29.8,29.8,29.7,0
"152",2016-10-01,4,2016,10,1,1,244,77,64.5,54,54,51.1,46,94,64.6,34,9,4.5,2,29.7,29.7,29.6,0
"153",2016-10-02,1,2016,10,2,1,245,81,65.7,50,61,52.6,48,94,67,32,15,4.8,0,29.6,29.6,29.5,0
"154",2016-10-05,1,2016,10,5,1,248,55,49.2,41,52,39.5,32,94,70.8,44,21,12.9,7,29.8,29.8,29.6,0
"155",2016-10-06,1,2016,10,6,4,249,59,48.9,39,39,32.6,27,81,56.9,29,10,6.7,0,29.8,29.7,29.6,0
"156",2016-10-10,4,2016,10,10,3,253,52,46.7,37,46,41.9,36,93,84.1,67,9,5.2,1,29.9,29.8,29.6,0
"157",2016-10-11,3,2016,10,11,2,254,54,50,48,46,45.6,43,93,85.7,72,12,5.9,2,29.6,29.6,29.5,0
"158",2016-10-14,2,2016,10,14,1,257,64,51.9,41,45,41.9,37,93,70.7,48,17,9,2,29.8,29.8,29.7,0
"159",2016-10-17,1,2016,10,17,2,260,57,52,46,54,45,39,100,77.7,59,20,15.1,8,30.1,30,29.9,0
"160",2016-10-19,2,2016,10,19,2,262,54,48.5,45,45,43.5,41,93,82.3,67,14,10.3,5,29.8,29.8,29.8,0
"161",2016-10-20,2,2016,10,20,1,263,63,53,41,50,44.5,39,93,74,59,23,15.9,5,29.8,29.6,29.6,0
"162",2016-10-21,1,2016,10,21,1,264,57,53.6,50,52,48.4,45,100,84,72,23,14.8,3,29.6,29.6,29.5,0
"163",2016-10-23,1,2016,10,23,1,266,59,48.3,41,52,46.8,41,100,95.2,72,7,3.8,0,29.8,29.8,29.7,0
"164",2016-10-24,1,2016,10,24,1,267,72,57.3,46,55,51.8,46,100,83.7,53,14,6.7,0,29.9,29.9,29.8,0
"165",2016-10-25,1,2016,10,25,1,268,72,61,54,57,53.2,52,94,75.8,57,15,10.8,3,29.9,29.9,29.8,0
"166",2016-10-27,1,2016,10,27,1,270,54,47.7,45,45,39.8,37,93,75.8,54,12,5.9,1,30.1,30,29.9,0
"167",2016-10-31,1,2016,10,31,0,274,54,43.1,36,37,35.2,34,100,74.9,47,12,5.9,2,30,30,29.9,0
"168",2017-02-07,0,2017,2,7,0,373,45,39,36,43,37.5,34,100,94,87,20,12,5,29.7,29.6,29.4,0
"169",2017-02-08,0,2017,2,8,0,374,39,36.7,34,36,34.3,34,100,90.2,81,7,3.9,0,29.9,29.8,29.7,0
"170",2017-02-09,0,2017,2,9,0,375,37,34.2,30,32,26.7,23,87,74.5,69,17,11.9,5,30,30,29.9,0
"171",2017-02-10,0,2017,2,10,0,376,39,32.4,28,25,21.4,19,75,64.4,52,20,14.1,7,30,30,30,0
"172",2017-02-11,0,2017,2,11,0,377,41,32,28,23,19.4,18,75,60.4,42,16,12.2,6,30,30,30,0
"173",2017-02-12,0,2017,2,12,0,378,37,28.9,23,19,18.1,16,74,64.7,48,20,12.8,7,30.2,30.1,30,0
"174",2017-02-13,0,2017,2,13,0,379,37,28.3,19,25,19.6,16,100,71.8,52,12,7.7,3,30.2,30.2,30.2,0
"175",2017-02-14,0,2017,2,14,0,380,30,24.7,18,25,21.7,16,100,87.9,80,6,3.9,2,30.3,30.3,30.2,0
"176",2017-02-15,0,2017,2,15,0,381,46,32.6,21,28,24.4,19,100,74.9,40,9,4.1,0,30.3,30.3,30.2,0
"177",2017-02-16,0,2017,2,16,0,382,48,32.7,23,36,27.2,23,100,83.1,43,8,6.3,2,30.2,30.2,30,0
"178",2017-02-17,0,2017,2,17,0,383,39,29.3,25,34,28.1,23,100,95.5,75,9,2.9,0,30,29.9,29.8,0
"179",2017-02-18,0,2017,2,18,0,384,37,33.3,28,36,32.8,28,100,98.2,87,8,4.1,1,29.9,29.9,29.9,0
"180",2017-02-19,0,2017,2,19,0,385,34,32.5,30,32,30.9,30,100,94.8,87,7,3.9,1,29.9,29.9,29.9,0
"181",2017-02-20,0,2017,2,20,0,386,39,34.4,30,36,32.1,30,100,91.4,81,6,3.9,1,29.9,29.9,29.8,0
"182",2017-02-21,0,2017,2,21,0,387,54,43.6,34,37,32.4,28,93,66.9,38,12,7.4,0,29.8,29.7,29.6,0
"183",2017-02-22,0,2017,2,22,0,388,63,50.2,39,37,35.9,34,81,59.6,37,9,6,2,29.7,29.6,29.5,0
"184",2017-02-23,0,2017,2,23,0,389,66,53.3,43,37,35.8,34,76,53.5,32,13,6.9,1,29.6,29.5,29.4,0
"185",2017-02-24,0,2017,2,24,0,390,64,51.1,37,50,38.9,32,94,66.5,37,15,9.5,2,29.6,29.5,29.4,0
"186",2017-02-25,0,2017,2,25,0,391,48,41.2,34,39,32.1,23,100,72.8,40,16,9.1,1,30,29.9,29.6,0
"187",2017-02-26,0,2017,2,26,0,392,57,43.7,28,41,33.5,25,86,68.5,48,15,5.9,1,29.9,29.8,29.7,0
"188",2017-02-27,0,2017,2,27,0,393,66,52.4,39,45,41.8,37,100,69.4,43,10,3.9,0,29.7,29.6,29.5,0
"189",2017-02-28,0,2017,2,28,0,394,72,61.2,50,41,39.3,37,66,46.4,31,13,9.5,7,29.5,29.4,29.4,0
"190",2017-03-01,0,2017,3,1,0,395,59,48.9,39,46,39,36,93,71.8,47,31,13.2,7,29.6,29.4,29.2,0
"191",2017-03-02,0,2017,3,2,0,396,61,48,36,37,31.4,21,93,58,22,10,5.6,2,29.7,29.6,29.6,0
"192",2017-03-03,0,2017,3,3,0,397,59,49.3,39,43,33.6,27,87,58.3,29,14,6.8,2,29.9,29.8,29.7,0
"193",2017-03-04,0,2017,3,4,0,398,72,58.2,45,36,32.8,28,57,40.2,23,17,12.7,8,29.7,29.6,29.5,0
"194",2017-03-05,0,2017,3,5,0,399,64,57,48,46,37.5,32,93,50.8,36,18,11.7,3,29.6,29.5,29.4,0
"195",2017-03-06,0,2017,3,6,0,400,57,47.6,39,46,41.8,37,100,81.8,48,18,6.8,1,29.4,29.4,29.3,0
"196",2017-03-07,0,2017,3,7,0,401,55,48.2,39,45,43,37,100,82.5,63,15,9.8,3,29.4,29.3,29.3,0
"197",2017-03-08,0,2017,3,8,0,402,48,45.5,43,46,43.8,41,100,92.8,87,15,9.7,2,29.8,29.6,29.4,0
"198",2017-03-09,0,2017,3,9,0,403,55,46.2,39,46,43.4,39,100,91,72,12,4.5,2,29.8,29.7,29.7,0
"199",2017-03-10,0,2017,3,10,0,404,48,42.4,32,45,40.1,32,100,91.4,81,18,9.3,1,29.6,29.6,29.5,0
"200",2017-03-11,0,2017,3,11,0,405,46,42.6,39,39,34.1,32,87,72.2,62,20,14.4,8,29.7,29.7,29.6,0
"201",2017-03-12,0,2017,3,12,0,406,46,41.2,37,39,35.2,30,100,80.2,61,15,9.5,3,29.7,29.6,29.6,0
"202",2017-03-13,0,2017,3,13,0,407,50,43.8,39,39,38.2,36,100,81.6,66,15,11,6,29.9,29.8,29.6,0
"203",2017-03-14,0,2017,3,14,0,408,54,44.8,37,37,34.1,30,87,67.8,41,15,8.3,2,30,29.9,29.9,0
"204",2017-03-15,0,2017,3,15,0,409,57,47.3,34,41,33.6,28,93,61.6,33,16,7.9,2,30,29.9,29.9,0
"205",2017-03-16,0,2017,3,16,0,410,57,48.9,39,41,36.4,28,93,64.8,33,17,10.3,3,29.9,29.8,29.7,0
"206",2017-03-17,0,2017,3,17,0,411,57,47.7,36,34,29.3,27,76,51.6,33,13,6.5,2,29.8,29.7,29.5,0
"207",2017-03-18,0,2017,3,18,0,412,68,54.1,39,45,36.5,28,72,53.4,33,12,6.4,2,29.5,29.4,29.3,0
"208",2017-03-19,0,2017,3,19,0,413,54,49.9,45,48,46.3,43,94,87.6,71,12,6.7,2,29.6,29.5,29.4,0
"209",2017-03-20,0,2017,3,20,0,414,68,55.4,45,50,45.5,41,93,71.1,49,10,5.4,1,29.6,29.5,29.5,0
"210",2017-03-21,0,2017,3,21,0,415,77,60.7,45,52,47.2,41,93,63.4,39,10,4.2,0,29.5,29.5,29.4,0
"211",2017-03-22,0,2017,3,22,0,416,79,66.5,54,46,44.9,43,72,47.5,30,16,9.1,3,29.6,29.5,29.5,0
"212",2017-03-23,0,2017,3,23,0,417,73,64,52,50,45.3,39,71,51.7,38,12,6.1,1,29.7,29.7,29.6,0
"213",2017-03-24,0,2017,3,24,0,418,75,63.1,54,48,44,41,72,51.1,31,12,7.2,2,29.9,29.8,29.7,0
"214",2017-03-25,0,2017,3,25,0,419,61,52.4,43,46,39,37,87,62.8,45,13,6.2,0,29.9,29.9,29.7,0
"215",2017-03-26,0,2017,3,26,0,420,52,45.5,39,39,31.8,23,87,60.9,33,18,8.9,0,29.9,29.7,29.6,0
"216",2017-03-27,0,2017,3,27,0,421,55,43.8,30,34,27.9,25,86,56.1,33,9,4.7,1,29.9,29.9,29.9,0
"217",2017-03-28,0,2017,3,28,0,422,63,49.9,34,34,30.4,25,81,49.6,32,7,3.6,0,29.9,29.9,29.8,0
"218",2017-03-29,0,2017,3,29,0,423,72,56.6,43,39,35.8,32,70,48.2,27,8,5.9,3,29.9,29.9,29.8,0
"219",2017-03-30,0,2017,3,30,0,424,70,57.5,46,43,40.2,36,71,53,38,14,6.8,2,29.9,29.9,29.8,0
"220",2017-03-31,0,2017,3,31,0,425,68,56.4,41,45,41.2,37,87,58.7,40,14,6.7,0,30,29.9,29.8,0
"221",2017-04-01,0,2017,4,1,0,426,75,61.9,46,45,40.5,37,76,48.4,27,17,9.5,1,29.8,29.7,29.6,0
"222",2017-04-02,0,2017,4,2,0,427,75,64.8,55,39,35.4,30,48,34.4,25,15,11.9,7,29.7,29.7,29.6,0
"223",2017-04-03,0,2017,4,3,0,428,75,63.5,50,39,33.3,30,50,33.5,21,15,10.8,6,29.7,29.7,29.6,0
"224",2017-04-04,0,2017,4,4,0,429,63,56.2,48,46,41.4,36,76,58.4,39,17,11.2,5,29.7,29.6,29.6,0
"225",2017-04-05,0,2017,4,5,0,430,61,52.4,46,50,46.5,43,94,81.4,59,14,6,0,29.7,29.6,29.6,0
"226",2017-04-06,0,2017,4,6,0,431,59,51.2,43,50,40.2,28,100,70.4,38,28,14.7,8,29.7,29.6,29.5,0
"227",2017-04-07,0,2017,4,7,0,432,52,46.1,41,41,34.6,28,81,65,47,22,13.3,9,29.7,29.7,29.6,0
"228",2017-04-08,0,2017,4,8,12,433,61,51.6,43,48,43.3,41,93,74.5,52,20,13.1,8,29.9,29.8,29.7,0
"229",2017-04-09,12,2017,4,9,21,434,64,53.9,41,43,39.6,37,93,62.3,37,10,4.5,1,30,29.9,29.9,0
"230",2017-04-10,21,2017,4,10,34,435,70,56.8,39,43,39.9,36,87,56.2,35,7,4.3,1,29.9,29.8,29.7,0
"231",2017-04-11,34,2017,4,11,65,436,73,56.1,45,55,44.2,37,82,65.7,38,20,7,1,29.8,29.7,29.6,0
"232",2017-04-12,65,2017,4,12,46,437,61,51.6,39,37,33.8,32,75,51.7,36,10,5.5,1,29.9,29.8,29.6,0
"233",2017-04-13,46,2017,4,13,275,438,73,57.7,39,43,37.1,32,81,50,27,12,4.6,0,29.6,29.5,29.4,0
"234",2017-04-14,275,2017,4,14,72,439,66,57,46,43,38.7,36,71,52.3,32,12,4.3,0,29.7,29.6,29.6,0
"235",2017-04-15,72,2017,4,15,152,440,68,57.6,45,50,41.9,36,88,58.3,35,14,7.3,2,29.6,29.6,29.5,0
"236",2017-04-16,152,2017,4,16,82,441,59,53.1,46,54,49.5,41,100,88.4,67,18,7.2,1,29.6,29.6,29.5,0
"237",2017-04-17,82,2017,4,17,21,442,57,48.3,37,37,31.6,27,81,54.9,33,10,6.3,3,29.6,29.6,29.6,0
"238",2017-04-18,21,2017,4,18,1,443,63,50.8,39,43,34.3,28,87,56.7,27,16,8.1,3,29.6,29.5,29.4,0
"239",2017-04-19,1,2017,4,19,2,444,46,40.1,36,45,37.6,32,100,90.2,76,24,14,6,29.6,29.5,29.4,0
"240",2017-04-20,2,2017,4,20,5,445,43,38.6,36,39,35.5,32,100,88.2,75,22,12.2,5,29.8,29.7,29.6,0
"241",2017-04-21,5,2017,4,21,2,446,45,39.9,36,36,33,30,93,76.5,66,22,15.4,6,30,29.9,29.9,0
"242",2017-04-22,2,2017,4,22,6,447,55,45.8,34,39,33.2,28,81,63.5,47,15,8.7,5,29.9,29.8,29.6,0
"243",2017-04-23,6,2017,4,23,16,448,52,45.3,39,41,38.1,36,93,77.3,58,21,11.1,2,29.9,29.7,29.6,0
"244",2017-04-24,16,2017,4,24,6,449,61,49.5,39,39,34.6,32,87,60,34,9,5.5,2,29.9,29.8,29.7,0
"245",2017-04-25,6,2017,4,25,155,450,75,62.2,45,43,38.6,34,71,43.4,27,13,7.7,1,29.7,29.6,29.6,0
"246",2017-04-26,155,2017,4,26,103,451,75,64.5,54,48,38.6,36,51,39.8,24,15,9,3,29.6,29.6,29.5,0
"247",2017-04-27,103,2017,4,27,72,452,81,68.6,59,66,46,37,73,45.4,32,13,7.5,1,29.6,29.5,29.5,0
"248",2017-04-28,72,2017,4,28,2,453,75,68.2,57,52,47.7,45,72,48.9,36,16,10.1,0,29.5,29.4,29.4,0
"249",2017-04-29,2,2017,4,29,33,454,57,48.2,41,48,43.5,39,100,83.3,67,14,9.1,3,29.7,29.7,29.5,0
"250",2017-04-30,33,2017,4,30,9,455,61,50.2,37,45,40.4,37,100,71.6,48,8,5.5,2,29.8,29.7,29.6,0
"251",2017-05-01,9,2017,5,1,21,456,72,60.3,48,55,49.2,43,87,67.6,53,17,10,3,29.6,29.6,29.5,0
"252",2017-05-02,21,2017,5,2,0,457,75,66.9,59,54,51.5,48,72,58.6,41,13,6.9,1,29.6,29.6,29.6,0
"253",2017-05-03,0,2017,5,3,17,458,77,66.3,57,57,54,50,94,65.7,44,12,5.9,2,29.6,29.6,29.6,0
"254",2017-05-04,17,2017,5,4,9,459,72,62.4,55,57,54.6,52,100,77.9,53,9,4.5,0,29.7,29.6,29.6,0
"255",2017-05-05,9,2017,5,5,30,460,70,59.1,54,59,54.6,48,100,85.8,64,30,6.4,0,29.6,29.6,29.6,0
"256",2017-05-06,30,2017,5,6,6,461,63,57.6,54,57,54.3,50,100,89,72,17,9.7,3,29.6,29.6,29.5,0
"257",2017-05-07,6,2017,5,7,2,462,61,56.1,0,55,53.1,0,100,87.5,0,10,5,1,29.5,28.8,0,0
"258",2017-05-08,2,2017,5,8,2,463,66,59.4,55,55,51.6,48,100,76.1,56,18,10.9,3,29.4,29.4,29.4,0
"259",2017-05-09,2,2017,5,9,0,464,63,55.7,48,50,47,43,100,74.8,52,17,8.3,0,29.6,29.5,29.4,0
"260",2017-05-10,0,2017,5,10,0,465,61,51.6,41,39,35.4,30,81,55.5,39,15,7.1,1,29.6,29.6,29.6,0
"261",2017-05-11,0,2017,5,11,6,466,75,62.9,45,48,44.3,39,87,53.3,31,15,8,1,29.6,29.5,29.4,0
"262",2017-05-12,6,2017,5,12,7,467,79,68.5,57,61,54,45,88,62,42,18,8.9,2,29.5,29.4,29.4,0
"263",2017-05-13,7,2017,5,13,20,468,73,65.8,59,61,57.7,55,94,76.6,57,18,9.7,5,29.6,29.5,29.4,0
"264",2017-05-14,20,2017,5,14,10,469,73,64.2,57,61,57.4,54,88,79.4,57,13,7,2,29.8,29.7,29.6,0
"265",2017-05-15,10,2017,5,15,12,470,75,65.2,54,59,54.8,52,100,72.3,44,10,4.3,0,29.9,29.9,29.8,0
"266",2017-05-16,12,2017,5,16,47,471,75,65.1,55,59,53.7,48,100,71,38,12,6.8,1,29.9,29.9,29.9,0
"267",2017-05-17,47,2017,5,17,38,472,75,63.7,57,59,53.9,52,88,71.3,44,13,6.5,2,29.9,29.8,29.8,0
"268",2017-05-18,38,2017,5,18,30,473,75,64.8,54,54,50.5,48,88,61.5,41,12,7.1,1,29.8,29.8,29.7,0
"269",2017-05-19,30,2017,5,19,24,474,79,66.9,52,50,45.9,41,77,50.1,26,13,7.9,2,29.7,29.6,29.5,0
"270",2017-05-20,24,2017,5,20,7,475,79,67.4,52,57,52.3,46,88,59.8,44,25,10.8,1,29.6,29.5,29.5,0
"271",2017-05-21,7,2017,5,21,73,476,77,65.8,55,59,54.5,46,94,70,34,16,9.3,3,29.6,29.6,29.5,0
"272",2017-05-22,73,2017,5,22,55,477,75,66.1,59,59,55.8,54,83,70,53,17,11.2,3,29.7,29.6,29.6,0
"273",2017-05-23,55,2017,5,23,52,478,75,64.1,59,61,58.6,57,94,83.6,61,14,6.1,1,29.7,29.7,29.6,0
"274",2017-05-24,52,2017,5,24,26,479,72,62.8,57,61,57.5,55,100,84.1,64,17,5.5,1,29.7,29.6,29.6,0
"275",2017-05-25,26,2017,5,25,46,480,64,59.9,54,57,50.3,46,94,71.8,52,15,9.9,6,29.7,29.6,29.6,0
"276",2017-05-26,46,2017,5,26,38,481,72,62.6,54,55,52.8,50,94,72,49,14,7.6,2,29.7,29.6,29.6,0
"277",2017-05-27,38,2017,5,27,97,482,75,64.8,54,55,50.9,46,88,62.9,36,16,8.4,2,29.8,29.7,29.6,0
"278",2017-05-28,97,2017,5,28,105,483,75,64.8,52,55,52.1,48,88,65.3,44,7,3.9,0,29.9,29.8,29.8,0
"279",2017-05-29,105,2017,5,29,128,484,79,69.6,55,54,50.1,46,77,52.1,32,15,7.3,1,29.8,29.7,29.6,0
"280",2017-05-30,128,2017,5,30,275,485,82,71.7,55,55,52.7,48,82,53.4,30,9,3.3,0,29.6,29.6,29.6,0
"281",2017-05-31,275,2017,5,31,264,486,86,73.9,57,66,58.3,52,88,59.5,40,9,5.6,0,29.7,29.7,29.6,0
"282",2017-06-01,264,2017,6,1,129,487,84,74.2,68,68,63.5,59,83,70.8,45,14,6,0,29.7,29.7,29.7,0
"283",2017-06-02,129,2017,6,2,140,488,84,73.9,64,66,59.4,50,94,64.8,32,9,4.3,0,29.7,29.7,29.6,0
"284",2017-06-03,140,2017,6,3,183,489,84,73,63,63,56.9,52,88,60,35,9,5.8,1,29.6,29.6,29.6,0
"285",2017-06-04,183,2017,6,4,135,490,86,74.7,63,63,60,55,83,61.5,40,14,8.9,0,29.6,29.6,29.5,0
"286",2017-06-05,135,2017,6,5,144,491,81,73.1,66,64,62.8,61,83,71,58,10,6.7,2,29.6,29.6,29.5,0
"287",2017-06-06,144,2017,6,6,209,492,88,77.9,66,66,62.9,59,88,62.5,38,20,8.6,3,29.5,29.5,29.4,0
"288",2017-06-07,209,2017,6,7,118,493,73,69.3,61,66,61.9,57,88,77.8,68,15,7.6,0,29.7,29.6,29.4,0
"289",2017-06-08,118,2017,6,8,39,494,73,64.1,55,57,52.3,46,100,68.5,38,16,10.9,5,29.8,29.7,29.7,0
"290",2017-06-09,39,2017,6,9,58,495,77,66.8,54,54,51.1,48,88,59.4,36,9,4.9,0,29.7,29.7,29.6,0
"291",2017-06-10,58,2017,6,10,58,496,79,69.4,55,59,53.5,50,88,59,39,12,4.8,0,29.7,29.7,29.6,0
"292",2017-06-11,58,2017,6,11,96,497,77,68.3,57,57,54.6,52,94,63.7,44,10,5.2,0,29.8,29.7,29.7,0
"293",2017-06-12,96,2017,6,12,80,498,86,73.9,61,61,55.7,54,77,55.4,35,9,4,0,29.7,29.6,29.6,0
"294",2017-06-13,80,2017,6,13,46,499,86,76.1,64,61,58.8,55,88,57.8,35,12,4.5,0,29.6,29.6,29.6,0
"295",2017-06-14,46,2017,6,14,30,500,77,70.2,64,63,60.2,54,88,71,50,13,5.8,0,29.7,29.6,29.6,0
"296",2017-06-15,30,2017,6,15,43,501,82,71.5,59,61,52.6,45,94,57.1,26,10,5.3,1,29.7,29.7,29.6,0
"297",2017-06-16,43,2017,6,16,12,502,86,72.5,59,61,53.9,50,77,55.2,30,12,4.3,0,29.7,29.6,29.6,0
"298",2017-06-17,12,2017,6,17,34,503,73,66.8,61,61,52.5,43,94,63.4,33,21,12.1,3,29.7,29.6,29.6,0
"299",2017-06-18,34,2017,6,18,105,504,66,60,54,61,53,45,100,78.9,63,14,9.4,5,29.7,29.7,29.7,0
"300",2017-06-19,105,2017,6,19,54,505,82,70.3,57,63,57,52,100,67.3,35,14,6.3,1,29.8,29.8,29.7,0
"301",2017-06-20,54,2017,6,20,132,506,88,75.6,63,61,56.9,54,82,55.3,31,8,4.3,0,29.8,29.7,29.6,0
"302",2017-06-21,132,2017,6,21,70,507,91,77.9,61,66,59,52,88,56.2,27,25,6,0,29.6,29.6,29.5,0
"303",2017-06-22,70,2017,6,22,223,508,91,79.8,61,66,61.1,57,94,56.3,31,8,4.6,0,29.7,29.6,29.6,0
"304",2017-06-23,223,2017,6,23,118,509,95,82.4,72,66,62.1,59,78,52,32,16,9.7,0,29.6,29.6,29.5,0
"305",2017-06-24,118,2017,6,24,106,510,90,78.8,64,64,61.3,57,94,59,33,13,5.9,0,29.6,29.6,29.6,0
"306",2017-06-25,106,2017,6,25,57,511,97,83.2,64,64,58.8,55,88,47.2,25,15,8.9,0,29.6,29.5,29.4,0
"307",2017-06-26,57,2017,6,26,56,512,82,74.8,68,66,63.8,61,94,70.3,48,15,6.8,0,29.6,29.6,29.5,0
"308",2017-06-27,56,2017,6,27,139,513,90,78.8,66,63,60.9,57,88,56.6,36,9,4.5,0,29.6,29.5,29.4,0
"309",2017-06-28,139,2017,6,28,25,514,95,84.1,66,64,62.3,59,83,49.7,32,15,7.7,1,29.4,29.4,29.3,0
"310",2017-06-29,25,2017,6,29,16,515,97,85.7,72,64,58.4,50,64,41,22,24,11.5,2,29.4,29.3,29.2,0
"311",2017-06-30,16,2017,6,30,5,516,95,82.2,66,61,56.3,52,78,44.4,23,14,6.7,1,29.5,29.5,29.4,0
"312",2017-07-01,5,2017,7,1,13,517,82,74.3,64,61,57.7,52,83,57.7,37,13,6.2,0,29.6,29.5,29.4,0
"313",2017-07-02,13,2017,7,2,97,518,84,70.8,63,64,58.3,54,100,68.4,35,16,5.8,0,29.6,29.5,29.5,0
"314",2017-07-03,97,2017,7,3,148,519,79,69.3,63,61,56.5,52,94,66.8,41,18,11.5,8,29.7,29.6,29.5,0
"315",2017-07-04,148,2017,7,4,41,520,81,69.4,55,54,51.4,46,88,56.4,30,10,5.4,2,29.8,29.8,29.7,0
"316",2017-07-05,41,2017,7,5,31,521,86,74.7,61,57,54.4,52,77,51.4,31,7,4.2,0,29.8,29.8,29.7,0
"317",2017-07-06,31,2017,7,6,13,522,91,79.2,61,61,57.6,54,82,50,31,14,6.2,0,29.7,29.7,29.6,0
"318",2017-07-07,13,2017,7,7,9,523,95,82.5,64,63,57.9,54,83,46.8,25,10,4.9,0,29.7,29.7,29.6,0
"319",2017-07-08,9,2017,7,8,91,524,91,79.6,0,64,60.6,0,88,52.7,0,14,7.8,5,29.6,28.4,0,0
"320",2017-07-09,91,2017,7,9,77,525,93,82.2,70,66,63,59,83,54.3,34,8,3.9,1,29.6,29.6,29.6,0
"321",2017-07-10,77,2017,7,10,90,526,99,86,68,66,62.2,55,78,47.5,24,17,8.1,2,29.6,29.5,29.5,0
"322",2017-07-11,90,2017,7,11,16,527,99,87.8,72,68,60.1,52,78,43.1,21,13,6.8,1,29.6,29.5,29.5,0
"323",2017-07-12,16,2017,7,12,7,528,90,80.2,72,64,62.8,59,78,56.2,40,17,6.5,1,29.6,29.6,29.5,0
"324",2017-07-13,7,2017,7,13,41,529,81,74.1,63,68,59.1,52,100,62.5,39,25,10,1,29.7,29.6,29.5,0
"325",2017-07-14,41,2017,7,14,57,530,81,68.3,54,54,49.2,43,82,53.7,28,8,5.2,1,29.7,29.6,29.5,0
"326",2017-07-15,57,2017,7,15,57,531,79,68.8,61,57,52.7,46,82,57.9,34,18,5.5,0,29.7,29.6,29.6,0
"327",2017-07-16,57,2017,7,16,6,532,77,66.1,55,54,50.4,46,88,59.9,34,15,7.7,0,29.8,29.7,29.7,0
"328",2017-07-17,6,2017,7,17,9,533,81,69.6,54,54,52.1,50,94,56.7,34,8,3.9,0,29.8,29.8,29.7,0
"329",2017-07-18,9,2017,7,18,31,534,86,74.2,59,55,52.2,48,77,49.3,27,7,3.9,0,29.8,29.8,29.7,0
"330",2017-07-19,31,2017,7,19,39,535,93,79.2,61,57,53.5,50,77,44.2,23,9,4.3,0,29.7,29.7,29.6,0
"331",2017-07-20,39,2017,7,20,46,536,95,82.5,66,59,54.9,52,68,40.1,25,10,4.9,0,29.6,29.5,29.5,0
"332",2017-07-21,46,2017,7,21,45,537,95,83.4,68,64,59.6,55,64,45.7,34,12,6.4,1,29.6,29.6,29.5,0
"333",2017-07-22,45,2017,7,22,32,538,99,84.8,70,68,62.7,55,83,51,25,9,4,0,29.6,29.6,29.5,0
"334",2017-07-23,32,2017,7,23,25,539,97,84.5,70,66,62,57,78,49.1,27,14,7.9,2,29.6,29.5,29.5,0
"335",2017-07-24,25,2017,7,24,22,540,97,84.7,73,68,62.2,55,74,49.9,25,15,5.9,0,29.5,29.4,29.2,0
"336",2017-07-25,22,2017,7,25,19,541,75,69.2,64,68,61.1,55,94,76.6,53,16,8.7,0,29.4,29.3,29.2,0
"337",2017-07-26,19,2017,7,26,20,542,79,69,61,61,55.5,50,100,65.2,39,10,4.2,0,29.4,29.4,29.3,0
"338",2017-07-27,20,2017,7,27,71,543,75,66.9,59,59,55.4,54,94,67.7,47,23,9.3,3,29.5,29.5,29.4,0
"339",2017-07-28,71,2017,7,28,90,544,84,70.8,57,57,55.7,54,94,62.1,37,13,6.9,1,29.6,29.6,29.5,0
"340",2017-07-29,90,2017,7,29,41,545,88,75.6,64,59,56.2,54,77,53.6,31,13,5.6,1,29.7,29.7,29.6,0
"341",2017-07-30,41,2017,7,30,56,546,95,80.8,64,63,57.4,54,77,48.2,26,20,6.4,0,29.7,29.7,29.6,0
"342",2017-07-31,56,2017,7,31,67,547,93,82.5,70,66,63.1,61,88,54,34,8,4.6,1,29.7,29.7,29.6,0
"343",2017-08-01,67,2017,8,1,43,548,97,85,70,64,59.6,57,78,45.4,27,13,7,0,29.8,29.7,29.7,0
"344",2017-08-02,43,2017,8,2,36,549,100,87.3,70,59,53.5,46,60,34.1,16,21,10.5,3,29.7,29.7,29.6,0
"345",2017-08-03,36,2017,8,3,38,550,99,85.5,72,64,59.7,50,65,42.6,30,13,5.3,0,29.7,29.6,29.6,0
"346",2017-08-04,38,2017,8,4,29,551,100,88,75,66,61.5,55,73,45.3,22,8,4.8,0,29.6,29.6,29.5,0
"347",2017-08-05,29,2017,8,5,43,552,102,88.3,72,66,61.3,57,65,42,24,8,3.8,0,29.6,29.5,29.5,0
"348",2017-08-06,43,2017,8,6,5,553,102,86.4,73,72,66.8,61,94,56,27,25,6.5,1,29.6,29.5,29.4,0
"349",2017-08-07,5,2017,8,7,6,554,73,70.3,68,70,66.8,64,94,89.2,83,14,8.5,1,29.7,29.7,29.6,0
"350",2017-08-08,6,2017,8,8,20,555,86,74.3,64,68,63.9,61,94,72.1,48,9,5.8,1,29.7,29.7,29.6,0
"351",2017-08-09,20,2017,8,9,19,556,100,86.3,73,68,64.4,57,78,51.6,24,17,11.7,7,29.7,29.6,29.6,0
"352",2017-08-10,19,2017,8,10,16,557,100,89.2,75,68,63.4,59,69,44.5,27,15,10.8,3,29.6,29.6,29.5,0
"353",2017-08-11,16,2017,8,11,8,558,100,88.9,72,64,57.7,54,61,36.7,21,22,14,6,29.6,29.5,29.4,0
"354",2017-08-12,8,2017,8,12,18,559,86,76,64,64,61.4,55,88,62.9,35,22,10.1,3,29.6,29.5,29.4,0
"355",2017-08-13,18,2017,8,13,38,560,66,63.2,61,61,58.3,54,94,84.3,68,18,12.1,6,29.7,29.6,29.6,0
"356",2017-08-14,38,2017,8,14,61,561,77,69.8,61,61,57.6,55,94,68,50,15,7.6,0,29.8,29.8,29.7,0
"357",2017-08-15,61,2017,8,15,41,562,86,74.4,63,61,58.1,55,88,60.1,35,9,5.3,2,29.8,29.8,29.7,0
"358",2017-08-16,41,2017,8,16,83,563,91,77.5,63,61,56.9,54,82,52.1,31,8,4.6,0,29.8,29.7,29.6,0
"359",2017-08-17,83,2017,8,17,48,564,91,78.9,64,59,54.3,50,73,45.7,24,12,6.3,2,29.7,29.7,29.6,0
"360",2017-08-18,48,2017,8,18,8,565,93,79.5,66,61,57.6,54,78,49.5,28,8,4.8,1,29.7,29.7,29.6,0
"361",2017-08-19,8,2017,8,19,16,566,99,83.6,68,61,55.6,50,78,41.8,22,15,8.7,0,29.6,29.6,29.5,0
"362",2017-08-20,16,2017,8,20,17,567,81,68.3,61,63,59.7,52,100,75.7,37,20,10.7,3,29.8,29.7,29.5,0
"363",2017-08-21,17,2017,8,21,0,568,75,65.1,57,61,53.2,46,100,69.3,36,15,9.6,6,29.8,29.7,29.7,0
"364",2017-08-22,0,2017,8,22,0,569,75,63.6,52,54,48.4,43,94,61.4,31,10,6.5,3,29.8,29.7,29.7,0
"365",2017-08-23,0,2017,8,23,0,570,79,65.7,55,52,47.1,45,77,54.2,32,12,5.9,1,29.8,29.7,29.7,0
"366",2017-08-24,0,2017,8,24,0,571,84,70.3,52,52,49.2,46,88,50.9,30,9,4.8,0,29.8,29.8,29.7,0
"367",2017-08-25,0,2017,8,25,0,572,93,76.1,57,55,51,48,82,45.4,23,12,6.5,1,29.8,29.8,29.7,0
"368",2017-08-26,0,2017,8,26,0,573,99,80.7,61,55,49.8,45,72,37.9,16,10,5.5,2,29.7,29.7,29.6,0
"369",2017-08-27,0,2017,8,27,0,574,97,82,64,55,50.8,48,64,37.1,19,9,4.2,1,29.6,29.6,29.5,0
"370",2017-08-28,0,2017,8,28,17,575,86,77.2,68,61,57,50,69,50.8,37,14,8,1,29.7,29.6,29.6,0
"371",2017-08-29,17,2017,8,29,20,576,81,70,57,50,47.2,43,72,46.7,28,13,7,2,29.7,29.7,29.6,0
"372",2017-08-30,20,2017,8,30,27,577,84,70.1,55,52,48.1,45,77,48.6,27,8,4.2,0,29.7,29.7,29.6,0
"373",2017-08-31,27,2017,8,31,6,578,91,76.1,59,54,49,41,72,42.4,17,12,5.8,2,29.6,29.6,29.6,0
"374",2017-09-01,6,2017,9,1,22,579,93,78.1,64,61,55.3,50,64,46.6,31,21,7.4,1,29.6,29.5,29.5,0
"375",2017-09-02,22,2017,9,2,1,580,88,72.9,64,63,60.6,57,94,67.4,35,25,7.1,1,29.6,29.5,29.4,0
"376",2017-09-03,1,2017,9,3,52,581,64,61,57,64,57.5,55,100,89.5,82,20,9.9,0,29.5,29.4,29.4,0
"377",2017-09-04,52,2017,9,4,43,582,72,62.8,55,54,48.6,45,88,62.5,38,21,13.2,3,29.8,29.6,29.6,0
"378",2017-09-05,43,2017,9,5,44,583,75,63.6,52,50,46.4,43,88,56.8,31,14,5.5,2,29.8,29.8,29.7,0
"379",2017-09-06,44,2017,9,6,24,584,79,68,52,54,49.3,45,88,54.3,30,15,8.8,3,29.7,29.7,29.6,0
"380",2017-09-07,24,2017,9,7,10,585,79,68.6,61,57,52.1,45,77,56.5,38,15,7.2,0,29.7,29.6,29.6,0
"381",2017-09-08,10,2017,9,8,9,586,77,67.3,57,54,50.8,48,82,57,39,9,5.1,1,29.7,29.6,29.5,0
"382",2017-09-09,9,2017,9,9,4,587,79,68.2,59,63,57,54,88,68.7,47,12,4.4,1,29.5,29.4,29.4,0
"383",2017-09-10,4,2017,9,10,29,588,88,76.1,63,61,53.7,50,73,47.8,27,12,8.2,5,29.4,29.4,29.4,0
"384",2017-09-11,29,2017,9,11,0,589,93,77.3,61,61,53.6,48,100,48.1,24,29,13.3,1,29.4,29.3,29.2,0
"385",2017-09-12,0,2017,9,12,0,590,73,65.6,59,61,60,57,100,83.3,61,14,6.9,0,29.6,29.4,29.2,0
"386",2017-09-13,0,2017,9,13,0,591,73,64.4,57,57,53.1,50,94,69.6,44,9,5.2,2,29.8,29.7,29.6,0
"387",2017-09-14,0,2017,9,14,0,592,84,70.9,54,57,50.4,43,100,53.3,23,8,5,0,29.7,29.6,29.4,0
"388",2017-09-15,0,2017,9,15,0,593,73,65.2,57,52,45.6,41,72,50.4,35,16,6.2,1,29.7,29.6,29.5,0
"389",2017-09-16,0,2017,9,16,0,594,90,73.1,55,54,50.3,46,82,48.8,26,10,5.7,2,29.6,29.5,29.5,0
"390",2017-09-17,0,2017,9,17,0,595,91,70.4,61,61,55.8,50,94,63.8,28,26,9.1,3,29.6,29.5,29.4,0
"391",2017-09-18,0,2017,9,18,14,596,73,62.7,52,59,53.7,50,100,75.7,44,9,3.7,0,29.7,29.6,29.6,0
"392",2017-09-19,14,2017,9,19,0,597,79,63.9,52,57,51.1,46,94,66.9,34,22,5.6,0,29.6,29.5,29.4,0
"393",2017-09-20,0,2017,9,20,4,598,61,55.8,52,55,53.2,50,100,90.3,77,15,8.4,0,29.6,29.5,29.5,0
"394",2017-09-21,4,2017,9,21,6,599,55,53.5,52,52,49.8,48,94,88.7,82,20,15.3,12,29.7,29.6,29.5,0
"395",2017-09-22,6,2017,9,22,1,600,61,55.7,52,54,50.6,48,94,83.4,72,18,12.8,6,29.8,29.7,29.6,0
"396",2017-09-23,1,2017,9,23,0,601,68,59.3,52,52,48.8,46,94,70.6,49,15,9.2,1,29.8,29.8,29.7,0
"397",2017-09-24,0,2017,9,24,0,602,70,59.4,48,52,49.1,46,93,70.9,46,10,4.7,0,29.8,29.8,29.7,0
"398",2017-09-25,0,2017,9,25,2,603,64,57.5,54,55,53.4,50,100,86.5,68,9,5.4,1,29.8,29.8,29.8,0
"399",2017-09-26,2,2017,9,26,1,604,72,61.7,55,59,55.8,54,94,81.5,53,12,5.7,0,29.9,29.8,29.8,0
"400",2017-09-27,1,2017,9,27,0,605,68,61.6,57,54,47.5,43,77,60.5,49,17,10.8,1,30,29.9,29.9,0
"401",2017-09-28,0,2017,9,28,3,606,64,59.2,54,45,43.4,41,67,55.9,42,17,12,7,30,30,30,0
"402",2017-09-29,3,2017,9,29,0,607,64,56.9,50,43,39.3,37,71,53.1,37,21,14.4,8,30,30,29.9,0
"403",2017-09-30,0,2017,9,30,2,608,64,55.6,50,41,37.1,36,71,51.3,34,21,12.3,7,29.9,29.9,29.8,0
"404",2017-10-01,2,2017,10,1,0,609,66,55.5,46,39,37.4,36,76,52.5,37,15,9.6,0,29.9,29.9,29.8,0
"405",2017-10-02,0,2017,10,2,0,610,68,55.9,43,45,41.3,37,87,59.7,40,12,6.1,1,29.9,29.9,29.9,0
"406",2017-10-03,0,2017,10,3,0,611,77,61.5,46,57,45.5,39,88,59,32,9,6.3,2,29.9,29.8,29.7,0
"407",2017-10-04,0,2017,10,4,0,612,68,60.5,54,55,47.9,43,94,65.2,40,14,7.1,2,30,29.9,29.8,0
"408",2017-10-05,0,2017,10,5,0,613,77,62.5,46,52,48,43,93,62,38,10,5.7,1,29.8,29.6,29.4,0
"409",2017-10-06,0,2017,10,6,0,614,63,53.3,48,54,47.5,43,93,81.4,63,18,9.3,3,29.6,29.6,29.4,0
"410",2017-10-07,0,2017,10,7,0,615,57,50,45,46,43.9,41,93,79.4,59,13,7.5,3,29.7,29.6,29.6,0
"411",2017-10-08,0,2017,10,8,0,616,63,52.2,41,46,42,37,93,71,39,16,8.3,3,29.7,29.6,29.6,0
"412",2017-10-09,0,2017,10,9,0,617,64,54.8,48,48,44,39,87,69.1,42,9,5.7,1,29.8,29.7,29.6,0
"413",2017-10-10,0,2017,10,10,0,618,63,54.3,45,48,44.9,43,94,71.5,48,10,5.2,1,29.9,29.8,29.8,0
"414",2017-10-11,0,2017,10,11,0,619,70,57.4,45,50,45,41,93,65.3,40,8,3.1,0,29.9,29.9,29.9,0
"415",2017-10-12,0,2017,10,12,1,620,73,59,45,50,45.5,41,93,63.5,38,15,6.2,0,29.9,29.9,29.8,0
"416",2017-10-13,1,2017,10,13,0,621,72,59.8,50,52,48,46,87,68,43,10,6.3,2,30,29.9,29.9,0
"417",2017-10-14,0,2017,10,14,0,622,70,58,48,52,47.4,45,94,70.3,46,14,7,2,30,30,29.9,0
"418",2017-10-15,0,2017,10,15,0,623,72,59.5,50,52,50.1,46,94,73.3,50,7,4.3,1,30.1,30,30,0
"419",2017-10-16,0,2017,10,16,0,624,75,61,48,54,51.5,46,100,73.4,47,7,3.2,0,30.1,30,30,0
"420",2017-10-17,0,2017,10,17,0,625,77,60.9,46,55,51.7,46,100,74.3,44,7,2.9,0,30,29.9,29.8,0
"421",2017-10-18,0,2017,10,18,0,626,79,62.5,48,55,52.8,48,100,73.2,39,6,2.4,0,29.8,29.7,29.7,0
"422",2017-10-19,0,2017,10,19,0,627,79,63.1,54,55,46.6,37,94,61.2,24,7,4.1,0,29.7,29.7,29.6,0
"423",2017-10-20,0,2017,10,20,0,628,77,60.3,45,48,45,39,87,60.4,32,6,3.3,0,29.7,29.7,29.7,0
"424",2017-10-21,0,2017,10,21,0,629,72,60.1,48,50,46.5,45,87,63.8,38,12,5.6,1,29.7,29.7,29.7,0
"425",2017-10-22,0,2017,10,22,0,630,68,59.3,50,52,48.7,46,88,69.4,52,12,5.8,1,29.7,29.6,29.4,0
"426",2017-10-23,0,2017,10,23,0,631,61,50.2,46,54,47.5,43,100,89.8,68,22,12,1,29.4,29.4,29.3,0
"427",2017-10-24,0,2017,10,24,0,632,48,47.6,46,46,44.9,43,100,89,82,26,17.9,3,29.8,29.5,29.4,0
"428",2017-10-25,0,2017,10,25,0,633,54,48.2,45,46,44.5,43,93,87.2,76,15,6.2,0,30,29.9,29.8,0
"429",2017-10-26,0,2017,10,26,0,634,63,50.3,39,50,45.2,37,100,83.9,63,8,4.2,0,30,29.9,29.8,0
"430",2017-10-27,0,2017,10,27,0,635,68,53.3,41,54,47.4,41,100,81.5,52,26,7.4,0,29.8,29.6,29.5,0
"431",2017-10-28,0,2017,10,28,0,636,55,49.5,46,45,43.1,39,87,78.1,54,18,12.9,6,29.7,29.6,29.6,0
"432",2017-10-29,0,2017,10,29,0,637,61,49.4,45,46,39.9,36,87,71,45,43,12.1,6,29.6,29.3,29,0
"433",2017-10-30,0,2017,10,30,0,638,54,45.9,39,37,33.6,30,81,63.1,44,26,16.9,9,29.9,29.7,29.4,0
"434",2017-10-31,0,2017,10,31,0,639,48,42.1,34,36,33.1,30,87,70.7,50,18,9.9,3,30,29.9,29.9,0
"435",2017-11-01,0,2017,11,1,0,640,55,45.9,39,37,33.8,32,87,64,41,9,5.5,2,30,29.9,29.9,0
"436",2017-11-02,0,2017,11,2,0,641,63,50.3,41,39,37,34,87,63.3,39,9,2.9,0,29.9,29.7,29.6,0
"437",2017-11-03,0,2017,11,3,0,642,52,49.4,43,50,43.8,39,100,82.1,66,12,7,2,29.8,29.7,29.6,0
"438",2017-11-04,0,2017,11,4,0,643,50,43.7,36,46,41.8,36,100,92.8,81,13,5.5,0,29.9,29.8,29.8,0
"439",2017-11-05,0,2017,11,5,0,644,61,50.6,45,43,40.7,37,87,70.2,48,22,14.8,8,29.8,29.7,29.6,0
"440",2017-11-06,0,2017,11,6,0,645,59,50.7,46,43,40,37,76,67.1,55,23,18.8,14,29.7,29.6,29.5,0
"441",2018-01-30,0,2018,1,30,0,730,57,44.5,32,41,35.4,28,87,71.2,51,18,7.3,1,30,29.9,29.8,0
"442",2018-01-31,0,2018,1,31,0,731,57,43.1,30,37,32.8,27,93,69.3,41,17,7.5,1,30,29.8,29.7,0
"443",2018-02-01,0,2018,2,1,0,732,61,49.1,39,36,33.8,30,87,57.4,39,16,10.3,8,29.7,29.5,29.4,0
"444",2018-02-02,0,2018,2,2,0,733,63,51.7,39,43,38.2,32,87,60.8,45,18,12.2,6,29.4,29.4,29.3,0
"445",2018-02-03,0,2018,2,3,0,734,43,37.5,34,41,35.5,32,100,92.6,87,18,8.5,1,29.4,29.3,29.2,0
"446",2018-02-04,0,2018,2,4,0,735,43,35.9,32,34,32.3,30,93,87.8,70,13,7.4,3,29.8,29.6,29.4,0
"447",2018-02-05,0,2018,2,5,0,736,43,34.6,28,34,31.2,27,100,88.1,70,7,4.4,0,29.9,29.9,29.8,0
"448",2018-02-06,0,2018,2,6,0,737,41,31.8,25,36,30.4,23,100,95,81,7,3.4,0,29.9,29.8,29.6,0
"449",2018-02-07,0,2018,2,7,0,738,54,45.3,37,37,34.3,32,81,66,54,28,21.3,10,29.6,29.5,29.4,0
"450",2018-02-08,0,2018,2,8,0,739,43,37.5,36,37,34.8,34,100,89.3,70,23,14.3,5,29.7,29.6,29.4,0
"451",2018-02-09,0,2018,2,9,0,740,41,36.1,30,34,31.8,28,100,85,70,15,7.1,0,29.7,29.7,29.6,0
"452",2018-02-10,0,2018,2,10,0,741,39,33.2,25,34,31.1,25,100,92.1,81,10,6.7,2,29.6,29.6,29.5,0
"453",2018-02-11,0,2018,2,11,0,742,37,36.1,34,34,32.4,32,93,86.9,81,9,6.2,2,29.5,29.5,29.5,0
"454",2018-02-12,0,2018,2,12,0,743,43,36.6,28,34,30.9,27,100,80.7,61,9,5.3,2,29.6,29.5,29.5,0
"455",2018-02-13,0,2018,2,13,0,744,36,33.9,32,34,32.2,30,100,94.5,81,9,5.9,1,29.6,29.5,29.4,0
"456",2018-02-14,0,2018,2,14,0,745,37,34.3,32,34,32,32,100,92.4,81,16,10.9,5,29.7,29.6,29.5,0
"457",2018-02-15,0,2018,2,15,0,746,37,35.5,34,32,32,32,93,87.5,81,12,7,1,30,29.8,29.7,0
"458",2018-02-16,0,2018,2,16,0,747,46,38.8,30,36,33.4,30,100,82.1,53,12,5.5,0,30,29.9,29.9,0
"459",2018-02-17,0,2018,2,17,0,748,46,39.5,34,36,34.7,34,100,83,62,10,6.2,1,30,29.9,29.7,0
"460",2018-02-18,0,2018,2,18,0,749,39,37.1,34,37,35.3,32,100,92,81,14,7.6,0,29.9,29.8,29.7,0
"461",2018-02-19,0,2018,2,19,0,750,37,33.3,30,34,29.8,27,93,87.4,80,16,7,0,29.9,29.8,29.6,0
"462",2018-02-20,0,2018,2,20,0,751,43,35.3,32,32,30.4,28,100,84.1,65,20,13.5,6,29.6,29.5,29.5,0
"463",2018-02-21,0,2018,2,21,0,752,39,35.9,32,32,31,30,100,83.4,70,20,12.7,5,29.6,29.5,29.5,0
"464",2018-02-22,0,2018,2,22,0,753,41,36.3,32,34,32,30,100,84.9,70,17,11.9,7,29.6,29.5,29.5,0
"465",2018-02-23,0,2018,2,23,0,754,43,37.6,34,32,29.7,28,81,74.4,66,17,12,7,29.6,29.6,29.6,0
"466",2018-02-24,0,2018,2,24,0,755,36,31.3,25,32,26,21,100,81.3,69,14,9.2,3,29.7,29.7,29.6,0
"467",2018-02-25,0,2018,2,25,0,756,27,24.4,21,18,14.4,12,74,66.2,59,14,9.8,5,29.8,29.8,29.7,0
"468",2018-02-26,0,2018,2,26,0,757,23,20.4,18,19,16.6,14,93,84.2,74,22,14.9,9,29.7,29.6,29.4,0
"469",2018-02-27,0,2018,2,27,0,758,25,20.1,18,18,14.4,12,93,79.5,59,16,9.7,2,29.5,29.5,29.4,0
"470",2018-02-28,0,2018,2,28,0,759,21,18.7,14,16,13.6,10,86,80.8,74,20,9.8,1,29.9,29.7,29.5,0
"471",2018-03-01,0,2018,3,1,0,760,28,19.4,5,25,13.6,3,93,79.4,55,12,7.3,3,29.9,29.7,29.5,0
"472",2018-03-02,0,2018,3,2,0,761,37,31.2,25,32,27.8,23,100,87.8,81,13,8.1,3,29.4,29.2,29,0
"473",2018-03-03,0,2018,3,3,0,762,34,31.5,30,30,27.9,25,100,87,70,14,8.3,2,29.3,29.2,29.1,0
"474",2018-03-04,0,2018,3,4,0,763,32,30.4,28,28,26.5,23,100,85.7,69,13,7,3,29.5,29.4,29.2,0
"475",2018-03-05,0,2018,3,5,0,764,43,34.6,25,34,29,23,93,80.9,66,21,12.1,1,29.5,29.3,29.1,0
"476",2018-03-06,0,2018,3,6,0,765,57,44.6,36,45,37.8,30,93,77.5,59,23,17.1,8,29.1,29.1,29,0
"477",2018-03-07,0,2018,3,7,0,766,57,45.9,37,45,40.4,36,100,81.4,59,13,6.6,1,29.3,29.2,29,0
"478",2018-03-08,0,2018,3,8,0,767,46,42.1,39,43,38.9,36,100,89,76,23,10.4,1,29.6,29.4,29.2,0
"479",2018-03-09,0,2018,3,9,0,768,59,47.4,34,39,35.4,32,93,65.6,42,15,6.8,2,29.6,29.6,29.6,0
"480",2018-03-10,0,2018,3,10,0,769,64,51.7,37,43,35.3,32,87,56.4,32,9,5.8,0,29.6,29.6,29.6,0
"481",2018-03-11,0,2018,3,11,0,770,72,59.2,48,46,41,37,82,53,35,17,8.1,0,29.6,29.5,29.4,0
"482",2018-03-12,0,2018,3,12,0,771,73,60.1,50,50,44.6,36,82,60.1,28,23,12.1,3,29.4,29.3,29.2,0
"483",2018-03-13,0,2018,3,13,0,772,61,52.1,45,46,42.9,39,93,71.8,48,15,7.2,1,29.4,29.3,29.3,0
"484",2018-03-14,0,2018,3,14,0,773,55,48.8,43,46,42.4,41,93,79.1,58,15,7.6,5,29.5,29.5,29.4,0
"485",2018-03-15,0,2018,3,15,0,774,63,51.4,37,45,38.8,32,100,66.7,34,10,6.1,0,29.5,29.5,29.4,0
"486",2018-03-16,0,2018,3,16,0,775,59,53.6,48,50,43,34,94,69.8,44,18,10.3,3,29.4,29.3,29.2,0
"487",2018-03-17,0,2018,3,17,0,776,64,53.2,46,52,48,45,100,84.2,56,20,9.5,1,29.4,29.1,28.9,0
"488",2018-03-18,0,2018,3,18,0,777,45,36.3,32,43,32.6,27,100,87.9,75,14,9.9,5,29.4,29.3,29.1,0
"489",2018-03-19,0,2018,3,19,0,778,36,33.4,30,34,31,28,100,91.7,81,14,9.5,3,29.4,29.3,29.3,0
"490",2018-03-20,0,2018,3,20,0,779,34,31.8,30,32,29.3,28,100,91.7,81,10,7.8,3,29.7,29.5,29.4,0
"491",2018-03-21,0,2018,3,21,0,780,32,31.2,30,30,28.5,27,100,90.1,80,13,7,0,29.9,29.8,29.6,0
"492",2018-03-22,0,2018,3,22,0,781,32,29,25,28,25.3,21,100,86.3,69,14,8.5,0,29.9,29.7,29.4,0
"493",2018-03-23,0,2018,3,23,0,782,34,30.5,27,28,25.8,21,100,83,60,12,6,0,29.4,29.3,29.3,0
"494",2018-03-24,0,2018,3,24,0,783,37,34,28,30,27.6,27,93,77.7,65,12,6.4,0,29.5,29.4,29.3,0
"495",2018-03-25,0,2018,3,25,0,784,48,38.9,30,34,29.2,25,80,68.6,57,21,13.3,6,29.6,29.5,29.5,0
"496",2018-03-26,0,2018,3,26,0,785,45,39.9,36,39,34,28,100,80.1,66,18,8.1,2,29.6,29.5,29.5,0
"497",2018-03-27,0,2018,3,27,0,786,48,42.1,39,37,36.2,34,93,80,57,18,9.7,5,29.6,29.6,29.6,0
"498",2018-03-28,0,2018,3,28,0,787,57,46.2,36,36,31.8,25,87,60.6,29,8,4.8,0,29.6,29.6,29.5,0
"499",2018-03-29,0,2018,3,29,0,788,61,50.9,36,43,36,28,75,58,36,9,5.5,0,29.5,29.5,29.4,0
"500",2018-03-30,0,2018,3,30,0,789,73,61.5,50,43,39.5,36,71,45.6,31,13,7.5,1,29.6,29.5,29.4,0
"501",2018-03-31,0,2018,3,31,0,790,75,65.4,50,48,42.5,37,94,45.5,27,28,16.4,7,29.5,29.3,29,0
"502",2018-04-01,0,2018,4,1,0,791,55,49.5,45,48,43.5,37,100,80.6,58,25,12,3,29.4,29.2,29.1,0
"503",2018-04-02,0,2018,4,2,0,792,59,50.7,43,41,37,32,87,61.8,36,14,7.7,3,29.7,29.6,29.4,0
"504",2018-04-03,0,2018,4,3,0,793,72,58.6,46,39,35,28,66,43.5,23,12,6.8,2,29.7,29.7,29.6,0
"505",2018-04-04,0,2018,4,4,0,794,73,63.4,50,46,36.5,27,62,38.8,19,8,5.3,0,29.7,29.6,29.6,0
"506",2018-04-05,0,2018,4,5,0,795,72,59.5,50,54,44.9,34,100,61.9,38,22,5.6,0,29.6,29.6,29.5,0
"507",2018-04-06,0,2018,4,6,0,796,57,52.7,50,54,48.9,45,100,88.1,76,17,9.7,1,29.8,29.7,29.6,0
"508",2018-04-07,0,2018,4,7,0,797,59,51.9,45,50,46.3,43,94,81.8,67,8,4.5,1,29.9,29.8,29.8,0
"509",2018-04-08,0,2018,4,8,0,798,75,62.5,46,48,45.2,41,94,57,31,24,16,1,29.8,29.7,29.6,0
"510",2018-04-09,0,2018,4,9,0,799,77,66.6,59,50,46.5,45,63,49.9,34,24,16.4,6,29.6,29.5,29.4,0
"511",2018-04-10,0,2018,4,10,0,800,73,64.6,52,52,46.2,43,82,53.4,35,13,7,1,29.5,29.5,29.5,0
"512",2018-04-11,0,2018,4,11,0,801,73,62,50,55,49.3,46,87,64.5,46,7,3.8,0,29.5,29.5,29.4,0
"513",2018-04-12,0,2018,4,12,0,802,81,67.7,50,52,49.4,46,87,55,30,20,11.2,1,29.5,29.4,29.4,0
"514",2018-04-13,0,2018,4,13,0,803,75,67.7,59,55,49.5,45,82,53.6,34,20,8.5,3,29.7,29.6,29.4,0
"515",2018-04-14,0,2018,4,14,0,804,77,65,50,55,50.8,46,87,62.1,41,12,5.5,1,29.8,29.8,29.7,0
"516",2018-04-15,0,2018,4,15,7,805,72,66.8,57,57,52.1,48,82,59.4,52,24,14.3,1,29.7,29.6,29.5,0
"517",2018-04-16,7,2018,4,16,0,806,68,62.9,59,54,50,46,82,63.6,49,23,18.1,13,29.6,29.6,29.5,0
"518",2018-04-17,0,2018,4,17,0,807,64,59.4,54,55,52.1,46,88,76.5,63,14,5.6,0,29.9,29.7,29.6,0
"519",2018-04-18,0,2018,4,18,0,808,63,58.6,57,57,55.4,54,100,90,77,12,7.4,6,30,29.9,29.9,0
"520",2018-04-19,0,2018,4,19,0,809,73,61.8,48,55,48.8,45,100,66.7,38,14,7.3,3,30,29.9,29.9,0
"521",2018-04-20,0,2018,4,20,0,810,70,60.5,52,50,45.1,43,82,59.3,38,17,9.3,3,29.9,29.9,29.8,0
"522",2018-04-21,0,2018,4,21,0,811,75,61.3,48,46,43.3,37,87,54.9,29,7,3.5,0,29.9,29.8,29.7,0
"523",2018-04-22,0,2018,4,22,0,812,79,64.9,46,54,45.7,39,87,53.2,27,8,4.9,1,29.7,29.7,29.6,0
"524",2018-04-23,0,2018,4,23,0,813,82,68.5,54,54,49.1,45,77,52.1,32,8,5.5,2,29.6,29.6,29.6,0
"525",2018-04-24,0,2018,4,24,0,814,79,67.2,55,59,53.7,50,88,62.9,44,10,5.6,2,29.7,29.6,29.6,0
"526",2018-04-25,0,2018,4,25,0,815,82,70.6,54,59,54.5,50,94,59.9,35,7,4.1,1,29.7,29.6,29.5,0
"527",2018-04-26,0,2018,4,26,0,816,82,70.9,61,57,51.5,43,82,53.1,30,18,7,1,29.6,29.6,29.5,0
"528",2018-04-27,0,2018,4,27,0,817,72,62.4,55,50,46.8,43,72,57.7,43,13,6.2,1,29.8,29.7,29.6,0
"529",2018-04-28,0,2018,4,28,0,818,82,69,54,61,55.1,48,82,62.6,45,16,9.7,2,29.7,29.6,29.6,0
"530",2018-04-29,0,2018,4,29,0,819,84,74.2,63,61,57,50,88,57.4,35,21,15.1,5,29.6,29.6,29.5,0
"531",2018-04-30,0,2018,4,30,4,820,84,73.1,64,55,50.8,46,73,46.3,28,21,11.8,3,29.5,29.5,29.4,0
"532",2018-05-01,4,2018,5,1,5,821,82,70.6,55,57,54.6,50,88,59.1,37,9,4.8,0,29.6,29.5,29.5,0
"533",2018-05-02,5,2018,5,2,8,822,86,73.5,61,59,51.7,41,82,50.7,26,22,12.4,0,29.5,29.5,29.4,0
"534",2018-05-03,8,2018,5,3,11,823,82,73.7,68,54,52.3,46,56,47.4,35,20,15.6,8,29.4,29.4,29.4,0
"535",2018-05-04,11,2018,5,4,16,824,82,74.2,68,59,55.1,52,64,52.2,39,18,12.2,6,29.6,29.5,29.4,0
"536",2018-05-05,16,2018,5,5,7,825,81,68.5,61,68,61.1,55,94,78.2,58,13,7.2,2,29.6,29.6,29.5,0
"537",2018-05-06,7,2018,5,6,6,826,73,66.4,61,61,59.6,57,100,80,61,15,8.4,1,29.6,29.6,29.5,0
"538",2018-05-07,6,2018,5,7,3,827,77,65.5,54,59,52.5,45,100,65.7,44,13,8,3,29.6,29.6,29.5,0
"539",2018-05-08,3,2018,5,8,15,828,75,64.8,50,48,45.5,43,82,52.1,31,12,5.8,2,29.5,29.4,29.4,0
"540",2018-05-09,15,2018,5,9,3,829,79,66.9,54,54,51,46,82,58.8,34,9,5.3,1,29.4,29.4,29.3,0
"541",2018-05-10,3,2018,5,10,15,830,73,65.5,57,59,55.7,54,88,71.4,57,14,7.6,2,29.6,29.4,29.4,0
"542",2018-05-11,15,2018,5,11,3,831,81,69.9,55,57,52.9,50,88,57.4,34,10,5.2,1,29.6,29.6,29.6,0
"543",2018-05-12,3,2018,5,12,1,832,81,69.4,59,59,55.1,50,88,62.1,34,13,5.4,0,29.6,29.6,29.5,0
"544",2018-05-13,1,2018,5,13,1,833,77,66.8,59,59,55.3,48,88,68.8,36,13,5.8,0,29.5,29.5,29.4,0
"545",2018-05-14,1,2018,5,14,4,834,72,63.3,59,61,57.1,52,94,81.9,56,14,6.3,0,29.5,29.5,29.4,0
"546",2018-05-15,4,2018,5,15,0,835,75,64.7,57,59,55.1,48,100,74.7,38,17,8.1,2,29.5,29.5,29.4,0
"547",2018-05-16,0,2018,5,16,5,836,72,60.6,54,57,51.5,46,100,75.3,43,17,8.2,1,29.6,29.6,29.4,0
"548",2018-05-17,5,2018,5,17,2,837,73,64.2,55,57,51.2,48,94,65.2,41,10,5.3,0,29.6,29.6,29.6,0
"549",2018-05-18,2,2018,5,18,6,838,75,64.3,52,55,53,50,94,67.9,47,10,4.5,0,29.7,29.6,29.6,0
"550",2018-05-19,6,2018,5,19,29,839,73,65.3,59,59,55.2,54,88,71.4,50,14,8,3,29.7,29.6,29.6,0
"551",2018-05-20,29,2018,5,20,38,840,75,66,54,57,52.7,46,94,65.3,36,9,4.8,0,29.7,29.7,29.7,0
"552",2018-05-21,38,2018,5,21,12,841,77,66.7,52,61,55,48,88,67.5,50,17,6.1,0,29.7,29.6,29.6,0
"553",2018-05-22,12,2018,5,22,33,842,79,68.7,57,63,58.4,54,94,70.7,54,17,10.7,5,29.7,29.6,29.6,0
"554",2018-05-23,33,2018,5,23,26,843,84,72.8,63,61,59.1,57,83,63.4,45,15,10.3,3,29.7,29.6,29.6,0
"555",2018-05-24,26,2018,5,24,20,844,81,71.6,63,61,58.6,54,94,65.7,39,13,4.2,0,29.7,29.6,29.6,0
"556",2018-05-25,20,2018,5,25,20,845,81,70.2,57,63,60.2,57,100,72.8,45,10,4.4,0,29.7,29.6,29.6,0
"557",2018-05-26,20,2018,5,26,11,846,82,72.1,63,63,60.9,57,100,69.8,45,14,5.6,0,29.8,29.8,29.7,0
"558",2018-05-27,11,2018,5,27,16,847,84,73.3,57,61,58.3,52,100,63.1,33,12,5.2,1,29.8,29.8,29.7,0
"559",2018-05-28,16,2018,5,28,23,848,84,74.6,63,61,58.6,55,88,60.6,37,12,7.8,2,29.8,29.7,29.7,0
"560",2018-05-29,23,2018,5,29,36,849,84,74.1,63,59,52,46,82,49.4,28,16,10.7,0,29.8,29.7,29.6,0
"561",2018-05-30,36,2018,5,30,56,850,86,74.4,63,54,50.5,46,63,44.4,28,16,11.2,7,29.7,29.7,29.6,0
"562",2018-05-31,56,2018,5,31,102,851,86,75.7,59,55,49.9,43,77,43.5,22,9,5.7,0,29.7,29.6,29.6,0
"563",2018-06-01,102,2018,6,1,76,852,90,77.1,59,57,53.3,48,82,46.6,25,7,3.2,0,29.7,29.6,29.6,0
"564",2018-06-02,76,2018,6,2,17,853,82,73.2,68,66,61.5,57,94,68.2,48,10,5.3,1,29.7,29.6,29.6,0
"565",2018-06-03,17,2018,6,3,14,854,86,74,66,66,62.7,57,94,69.7,40,15,5.5,0,29.6,29.6,29.6,0
"566",2018-06-04,14,2018,6,4,44,855,84,73.6,64,64,61.6,57,94,67.6,40,15,6,1,29.6,29.5,29.4,0
"567",2018-06-05,44,2018,6,5,30,856,86,75.9,64,63,60.2,54,94,61.3,35,8,4.2,0,29.5,29.4,29.4,0
"568",2018-06-06,30,2018,6,6,74,857,86,74.8,64,63,60.8,57,88,63.9,37,14,6.1,0,29.6,29.6,29.5,0
"569",2018-06-07,74,2018,6,7,17,858,88,76.5,64,64,62.5,59,88,63.5,40,12,6.2,3,29.7,29.6,29.6,0
"570",2018-06-08,17,2018,6,8,25,859,93,81.5,70,66,62.5,61,73,54.1,34,16,10.2,3,29.6,29.6,29.4,0
"571",2018-06-09,25,2018,6,9,31,860,81,73.3,66,68,63.8,61,94,73.7,54,24,6.8,0,29.5,29.4,29.4,0
"572",2018-06-10,31,2018,6,10,38,861,81,73.4,68,68,65.3,63,100,77.7,54,10,3.8,0,29.5,29.5,29.5,0
"573",2018-06-11,38,2018,6,11,19,862,86,77.8,68,68,65.2,63,94,67.8,48,9,4.1,0,29.5,29.5,29.4,0
"574",2018-06-12,19,2018,6,12,1,863,93,82.7,68,66,63.4,57,88,55.2,30,8,5,0,29.5,29.4,29.3,0
"575",2018-06-13,1,2018,6,13,3,864,82,72.2,64,66,62.2,59,94,71.6,51,24,8.2,1,29.4,29.3,29.2,0
"576",2018-06-14,3,2018,6,14,6,865,73,66.2,61,66,62.4,59,100,88.3,69,20,9.7,2,29.4,29.4,29.3,0
"577",2018-06-15,6,2018,6,15,12,866,70,65.2,61,64,61.4,59,100,87.8,73,17,10.3,1,29.4,29.4,29.4,0
"578",2018-06-16,12,2018,6,16,6,867,75,67.7,63,66,63.8,63,100,88.4,65,10,5,1,29.5,29.5,29.4,0
"579",2018-06-17,6,2018,6,17,6,868,82,69.5,61,66,63.4,61,100,83,48,13,7.6,2,29.6,29.5,29.5,0
"580",2018-06-18,6,2018,6,18,17,869,79,70,63,66,63.3,61,100,80.1,57,18,8.5,2,29.6,29.6,29.5,0
"581",2018-06-19,17,2018,6,19,30,870,79,71,66,68,66.3,64,100,86.3,65,14,5.7,0,29.8,29.7,29.6,0
"582",2018-06-20,30,2018,6,20,22,871,86,76.2,66,66,64.3,61,94,69.8,43,8,4.6,1,29.8,29.8,29.7,0
"583",2018-06-21,22,2018,6,21,6,872,90,77.2,66,68,64.3,59,94,66.7,40,12,5.6,0,29.7,29.6,29.5,0
"584",2018-06-22,6,2018,6,22,4,873,75,65.9,54,66,58,45,94,77.1,49,20,10.6,2,29.8,29.6,29.5,0
"585",2018-06-23,4,2018,6,23,15,874,70,60,52,54,47.9,43,100,68.1,38,16,11.2,5,29.8,29.8,29.7,0
"586",2018-06-24,15,2018,6,24,8,875,72,62.1,52,50,48.4,45,94,63.8,40,12,5.4,0,29.8,29.7,29.7,0
"587",2018-06-25,8,2018,6,25,23,876,75,65.2,50,54,49.9,46,100,61.1,36,9,4.8,1,29.7,29.7,29.7,0
"588",2018-06-26,23,2018,6,26,7,877,73,64,55,57,54.5,52,88,71.7,50,9,5.8,2,29.7,29.7,29.6,0
"589",2018-06-27,7,2018,6,27,3,878,68,62,59,61,58.9,57,100,90,68,16,8.4,0,29.6,29.5,29.5,0
"590",2018-06-28,3,2018,6,28,0,879,73,65.2,59,64,61.3,59,100,87.6,65,17,9.7,3,29.5,29.4,29.4,0
"591",2018-06-29,0,2018,6,29,43,880,75,66.9,63,70,65,63,100,93.8,69,18,12.9,2,29.4,29.3,29.3,0
"592",2018-06-30,43,2018,6,30,137,881,82,71,61,68,61,45,100,73.4,46,21,14.6,7,29.6,29.4,29.4,0
"593",2018-07-01,137,2018,7,1,88,882,72,63.3,50,54,49.9,48,94,64.2,43,12,6.9,2,29.7,29.6,29.6,0
"594",2018-07-02,88,2018,7,2,47,883,77,67.5,54,55,50,45,94,56.2,36,8,3.9,0,29.7,29.7,29.6,0
"595",2018-07-03,47,2018,7,3,19,884,81,72.7,63,59,55.9,52,77,56.5,44,8,5.7,0,29.7,29.6,29.6,0
"596",2018-07-04,19,2018,7,4,20,885,82,74.3,61,66,57.7,52,88,59.1,37,10,5.3,0,29.7,29.6,29.6,0
"597",2018-07-05,20,2018,7,5,18,886,84,75,64,66,61.1,57,100,65.5,40,6,3.9,1,29.6,29.6,29.5,0
"598",2018-07-06,18,2018,7,6,15,887,84,75.6,64,68,62.7,59,94,65.6,45,10,5.1,1,29.5,29.5,29.5,0
"599",2018-07-07,15,2018,7,7,10,888,73,68.2,64,68,65.5,64,100,92,78,13,7.5,2,29.6,29.6,29.5,0
"600",2018-07-08,10,2018,7,8,3,889,77,66.9,61,66,63,59,100,88.1,57,16,8.6,2,29.6,29.6,29.6,0
"601",2018-07-09,3,2018,7,9,8,890,68,63.7,61,63,61.6,61,100,92.6,78,18,10.8,5,29.6,29.6,29.6,0
"602",2018-07-10,8,2018,7,10,190,891,79,69.6,63,64,63.3,63,100,81.7,57,12,6.5,2,29.6,29.6,29.5,0
"603",2018-07-11,190,2018,7,11,147,892,86,75.2,64,66,63,61,100,68.2,43,7,3.7,0,29.6,29.6,29.5,0
"604",2018-07-12,147,2018,7,12,144,893,79,72.7,66,68,65.7,63,100,80,65,9,5.3,1,29.7,29.6,29.6,0
"605",2018-07-13,144,2018,7,13,15,894,82,74.1,68,68,63.4,59,100,72.3,45,10,5.1,0,29.7,29.7,29.6,0
"606",2018-07-14,15,2018,7,14,36,895,82,73.8,64,66,62.7,57,100,71.1,42,15,9.3,6,29.7,29.7,29.6,0
"607",2018-07-15,36,2018,7,15,38,896,82,73.1,66,64,63.2,61,88,72.3,51,16,7.8,2,29.6,29.6,29.6,0
"608",2018-07-16,38,2018,7,16,38,897,84,74.4,64,63,59.4,55,94,62.8,37,10,6.4,2,29.6,29.6,29.5,0
"609",2018-07-17,38,2018,7,17,49,898,77,70.3,66,68,64.1,59,100,82.1,61,15,8.1,2,29.5,29.4,29.4,0
"610",2018-07-18,49,2018,7,18,137,899,77,70.8,64,63,60.3,54,94,70.1,47,22,13.6,7,29.5,29.5,29.4,0
"611",2018-07-19,137,2018,7,19,142,900,79,70.6,64,66,63.3,57,94,78.1,61,20,13.1,7,29.5,29.5,29.5,0
"612",2018-07-20,142,2018,7,20,140,901,86,75,64,64,60.2,54,94,63,33,17,10.2,5,29.6,29.6,29.5,0
"613",2018-07-21,140,2018,7,21,68,902,90,77.4,64,64,61.7,59,88,60.6,38,8,4.3,1,29.6,29.5,29.5,0
"614",2018-07-22,68,2018,7,22,13,903,81,75.5,68,68,64.3,59,94,69.2,51,17,7.4,0,29.5,29.5,29.4,0
"615",2018-07-23,13,2018,7,23,35,904,79,70.2,66,68,65,63,100,84.7,61,13,5.9,1,29.5,29.4,29.4,0
"616",2018-07-24,35,2018,7,24,49,905,75,69.9,64,72,66.2,63,100,88.6,65,17,8.8,3,29.5,29.4,29.4,0
"617",2018-07-25,49,2018,7,25,58,906,84,74.9,64,68,64.5,61,100,72.3,45,17,9.9,2,29.5,29.4,29.4,0
"618",2018-07-26,58,2018,7,26,88,907,84,74.8,64,68,64.7,63,100,73,51,14,7.8,0,29.5,29.5,29.4,0
"619",2018-07-27,88,2018,7,27,33,908,82,72.9,66,72,67.8,64,100,85.1,62,16,7.6,3,29.5,29.5,29.5,0
"620",2018-07-28,33,2018,7,28,51,909,79,75.2,72,68,67,66,83,75.9,65,8,5.3,3,29.5,29.5,29.5,0
"621",2018-07-29,51,2018,7,29,154,910,86,76.4,68,72,68.6,66,94,77.8,55,15,8.1,0,29.6,29.5,29.5,0
"622",2018-07-30,154,2018,7,30,35,911,88,78.1,70,72,69.8,68,100,76.8,55,16,7.8,0,29.6,29.5,29.5,0
"623",2018-07-31,35,2018,7,31,5,912,86,78.1,68,70,68,66,100,73.1,51,14,6.9,3,29.6,29.6,29.5,0
"624",2018-08-01,5,2018,8,1,19,913,84,76.1,72,73,70.2,68,94,81.9,66,13,5.5,0,29.6,29.6,29.6,0
"625",2018-08-02,19,2018,8,2,75,914,81,75,70,75,70.5,68,100,85.8,65,9,4.3,0,29.7,29.7,29.6,0
"626",2018-08-03,75,2018,8,3,61,915,86,76.5,68,72,68.8,66,100,78.6,51,8,3,0,29.7,29.7,29.6,0
"627",2018-08-04,61,2018,8,4,38,916,88,77.1,68,72,66.4,59,100,73,38,8,3.9,0,29.7,29.7,29.6,0
"628",2018-08-05,38,2018,8,5,89,917,88,78.3,64,68,63.6,59,100,63.8,40,6,2.6,0,29.7,29.6,29.6,0
"629",2018-08-06,89,2018,8,6,106,918,88,78,68,70,66.7,61,94,70.2,43,14,5.8,2,29.7,29.7,29.6,0
"630",2018-08-07,106,2018,8,7,92,919,91,79,68,70,63.8,57,94,63.9,34,8,4.7,1,29.7,29.6,29.6,0
"631",2018-08-08,92,2018,8,8,89,920,91,79.8,64,68,63.9,59,94,60.5,36,13,6.8,0,29.7,29.6,29.6,0
"632",2018-08-09,89,2018,8,9,89,921,91,81.9,70,68,65,63,83,58.8,41,17,10.9,5,29.7,29.7,29.6,0
"633",2018-08-10,89,2018,8,10,30,922,90,81.4,75,63,59.9,54,61,48.2,38,22,13.8,9,29.8,29.7,29.7,0
"634",2018-08-11,30,2018,8,11,81,923,86,76.4,64,61,56.8,54,68,51.1,40,14,8.5,3,29.8,29.7,29.7,0
"635",2018-08-12,81,2018,8,12,134,924,88,77.5,66,68,59.9,57,94,57.5,35,8,4.9,3,29.8,29.7,29.6,0
"636",2018-08-13,134,2018,8,13,141,925,91,79.3,66,63,59.6,57,83,53.1,31,16,7.6,0,29.6,29.6,29.5,0
"637",2018-08-14,141,2018,8,14,20,926,93,80.2,68,66,62.7,59,94,57.4,34,29,7.5,0,29.6,29.5,29.5,0
"638",2018-08-15,20,2018,8,15,30,927,84,73.5,64,66,64.1,63,100,74.7,48,12,6.7,0,29.6,29.6,29.6,0
"639",2018-08-16,30,2018,8,16,121,928,86,75,64,66,63.9,63,94,70,45,9,5,0,29.7,29.6,29.6,0
"640",2018-08-17,121,2018,8,17,60,929,90,77.5,66,66,61.6,55,94,62.8,31,8,4,0,29.6,29.6,29.6,0
"641",2018-08-18,60,2018,8,18,39,930,91,78.9,66,66,61.7,57,94,59.6,31,9,4.1,0,29.7,29.7,29.6,0
"642",2018-08-19,39,2018,8,19,31,931,91,78.1,64,64,61.9,55,94,60.6,29,10,4.6,0,29.7,29.7,29.6,0
"643",2018-08-20,31,2018,8,20,56,932,90,77.2,64,64,62.1,59,94,61.9,36,7,3.4,0,29.7,29.6,29.6,0
"644",2018-08-21,56,2018,8,21,108,933,91,79.7,68,66,62.7,57,94,60.1,31,7,4,0,29.7,29.6,29.6,0
"645",2018-08-22,108,2018,8,22,89,934,93,80.6,68,66,63,59,88,58.5,32,13,5.5,0,29.7,29.7,29.6,0
"646",2018-08-23,89,2018,8,23,30,935,91,80.7,68,64,62.2,59,83,54.7,36,15,8.4,0,29.7,29.6,29.5,0
"647",2018-08-24,30,2018,8,24,55,936,93,80.5,64,61,58.8,55,83,50.1,29,20,8.8,0,29.6,29.5,29.4,0
"648",2018-08-25,55,2018,8,25,49,937,90,76.8,68,66,62,59,83,61.5,40,12,5,1,29.5,29.4,29.4,0
"649",2018-08-26,49,2018,8,26,13,938,75,69.3,59,64,62,57,100,78.1,64,16,7.9,0,29.5,29.4,29.4,0
"650",2018-08-27,13,2018,8,27,143,939,63,59.6,57,61,58.8,57,100,97.7,94,14,10,6,29.7,29.6,29.5,0
"651",2018-08-28,143,2018,8,28,104,940,79,67.1,61,61,58.5,55,100,76.4,50,8,6.2,3,29.8,29.7,29.7,0
"652",2018-08-29,104,2018,8,29,44,941,82,71.5,61,59,56.9,54,94,63.9,37,7,4.4,1,29.7,29.7,29.6,0
"653",2018-08-30,44,2018,8,30,32,942,88,74.9,59,64,58.5,55,94,61.3,33,14,4.2,0,29.6,29.6,29.6,0
"654",2018-08-31,32,2018,8,31,73,943,86,75.3,66,66,63.8,61,94,69.3,45,8,4,0,29.7,29.7,29.6,0
"655",2018-09-01,73,2018,9,1,73,944,93,79.7,66,66,60.8,55,94,56.7,28,20,9.7,0,29.6,29.6,29.6,0
"656",2018-09-02,73,2018,9,2,37,945,91,75.1,64,68,63,57,100,70.7,34,10,5.5,1,29.7,29.7,29.6,0
"657",2018-09-03,37,2018,9,3,43,946,79,70.3,64,66,63.9,59,100,81.8,51,20,7.7,1,29.6,29.6,29.5,0
"658",2018-09-04,43,2018,9,4,6,947,79,68.8,61,64,61.1,57,100,78,47,14,7.7,3,29.6,29.5,29.5,0
"659",2018-09-05,6,2018,9,5,16,948,75,66.2,61,66,62,59,100,86.5,61,9,6.3,2,29.6,29.6,29.6,0
"660",2018-09-06,16,2018,9,6,42,949,82,70.3,61,63,59.4,54,100,71.9,39,14,8.1,3,29.6,29.5,29.5,0
"661",2018-09-07,42,2018,9,7,50,950,82,71.3,61,61,57.2,52,88,64,35,8,4.7,0,29.6,29.5,29.5,0
"662",2018-09-08,50,2018,9,8,26,951,81,70.1,63,66,60.8,54,100,74.8,39,12,7.1,1,29.7,29.7,29.6,0
"663",2018-09-09,26,2018,9,9,48,952,82,70,61,61,56.5,50,100,66.3,34,17,9.2,3,29.8,29.8,29.7,0
"664",2018-09-10,48,2018,9,10,14,953,81,68.9,57,59,54.2,46,94,63.2,30,12,5.9,2,29.8,29.8,29.8,0
"665",2018-09-11,14,2018,9,11,7,954,82,70.9,59,57,54.3,50,82,58.2,34,15,6.4,1,29.9,29.9,29.8,0
"666",2018-09-12,7,2018,9,12,16,955,84,73.4,63,61,55.6,52,88,56.7,33,8,5.2,2,29.9,29.8,29.7,0
"667",2018-09-13,16,2018,9,13,21,956,86,72.4,59,57,53.3,50,88,54.9,29,10,5.5,0,29.8,29.7,29.6,0
"668",2018-09-14,21,2018,9,14,16,957,86,72.6,59,57,54,50,88,55,29,7,2.5,0,29.6,29.6,29.6,0
"669",2018-09-15,16,2018,9,15,0,958,82,71,63,63,57,50,88,62.8,39,18,8.7,2,29.9,29.8,29.7,0
"670",2018-09-16,0,2018,9,16,6,959,81,68.3,55,57,51.4,48,94,58.4,32,12,5.8,3,29.9,29.9,29.9,0
"671",2018-09-17,6,2018,9,17,6,960,79,68,54,54,51.7,50,88,58.3,36,9,4.5,0,29.9,29.9,29.8,0
"672",2018-09-18,6,2018,9,18,0,961,84,69.9,54,55,54.2,52,94,61,33,12,5.7,0,29.8,29.8,29.7,0
"673",2018-09-19,0,2018,9,19,0,962,86,73.4,61,57,54.8,50,82,54.9,35,12,6.6,0,29.8,29.8,29.7,0
"674",2018-09-20,0,2018,9,20,2,963,84,72.8,59,52,47.8,46,68,42.8,27,9,5.1,0,29.8,29.8,29.7,0
"675",2018-09-21,2,2018,9,21,0,964,86,72.2,57,52,49.5,46,77,47.2,25,14,7.4,1,29.7,29.7,29.6,0
"676",2018-09-22,0,2018,9,22,0,965,79,68.7,61,61,49.9,43,72,51.8,34,17,8.9,0,29.9,29.7,29.6,0
"677",2018-09-23,0,2018,9,23,0,966,79,67,59,55,50.4,46,72,56.4,41,10,4.7,0,29.9,29.8,29.6,0
"678",2018-09-24,0,2018,9,24,0,967,72,56.9,46,57,50.9,45,100,81.8,56,28,13,0,30,29.8,29.5,0
"679",2018-09-25,0,2018,9,25,0,968,61,50.8,43,43,39.7,36,100,68.6,39,16,11.3,5,30.2,30.1,30,0
"680",2018-09-26,0,2018,9,26,1,969,61,49.4,37,39,33.1,25,93,59.1,25,10,4.9,0,30.3,30.3,30.2,0
"681",2018-09-27,1,2018,9,27,0,970,64,51.3,37,37,33.5,30,93,55.8,28,7,3.8,0,30.2,30.1,30,0
"682",2018-09-28,0,2018,9,28,1,971,73,57.8,41,43,37.3,34,81,50.1,23,9,4.7,0,30,29.8,29.7,0
"683",2018-09-29,1,2018,9,29,0,972,70,56.9,46,46,42.7,37,87,60.9,38,18,9.4,1,29.9,29.8,29.7,0
"684",2018-09-30,0,2018,9,30,0,973,61,51.9,41,45,39.5,34,82,63.5,45,15,6.9,0,29.9,29.8,29.7,0
"685",2018-10-01,0,2018,10,1,0,974,73,57.3,45,50,46.1,41,93,68.5,41,17,7.8,0,29.7,29.5,29.4,0
"686",2018-10-02,0,2018,10,2,0,975,55,52.4,50,52,48.9,45,100,89.1,77,12,6.5,0,29.9,29.7,29.6,0
"687",2018-10-03,0,2018,10,3,1,976,66,54.5,39,48,41.8,36,100,68,34,8,4.1,0,29.9,29.9,29.8,0
"688",2018-10-04,1,2018,10,4,0,977,68,55.1,45,45,40,36,93,60.9,30,10,5.3,0,30.1,30,29.9,0
"689",2018-10-05,0,2018,10,5,0,978,72,56.7,39,43,38.1,36,93,55.4,27,15,7.7,0,30.1,30,29.9,0
"690",2018-10-06,0,2018,10,6,0,979,79,66.1,55,50,43.6,39,55,44.7,34,22,13,5,29.9,29.8,29.7,0
"691",2018-10-07,0,2018,10,7,0,980,79,68.5,61,50,46.4,41,59,45.6,36,18,11.9,3,29.7,29.6,29.6,0
"692",2018-10-08,0,2018,10,8,0,981,77,64.7,55,59,55.4,50,100,75.1,39,9,4.8,1,29.8,29.7,29.6,0
"693",2018-10-09,0,2018,10,9,0,982,75,63.4,54,59,52.9,46,100,73.2,38,10,4.2,0,29.9,29.9,29.8,0
"694",2018-10-10,0,2018,10,10,0,983,75,62.8,48,50,47.1,45,87,59,36,14,6,0,29.9,29.9,29.9,0
"695",2018-10-11,0,2018,10,11,0,984,73,62.5,54,50,47.4,45,82,60.2,38,17,9.3,0,29.9,29.9,29.9,0
"696",2018-10-12,0,2018,10,12,0,985,75,62.5,52,48,46.1,45,82,57.5,34,14,7.4,1,30,29.9,29.9,0
"697",2018-10-13,0,2018,10,13,0,986,73,62.8,52,46,44.6,41,82,53.7,33,18,8.8,0,30,30,29.9,0
"698",2018-10-14,0,2018,10,14,0,987,72,61.2,50,43,33.4,27,76,39,20,18,11.4,3,29.9,29.9,29.8,0
"699",2018-10-15,0,2018,10,15,0,988,73,64.1,55,41,38.4,34,58,39.8,27,24,14.8,3,29.9,29.8,29.8,0
"700",2018-10-16,0,2018,10,16,0,989,75,61.8,48,45,40.5,37,66,47,34,15,8,0,29.9,29.8,29.8,0
"701",2018-10-17,0,2018,10,17,0,990,75,62.7,48,45,39.2,36,66,44.3,24,13,6.2,0,29.8,29.8,29.7,0
"702",2018-10-18,0,2018,10,18,0,991,75,62.5,50,50,46.8,43,82,58.5,38,12,5.6,0,29.7,29.7,29.6,0
"703",2018-10-19,0,2018,10,19,0,992,72,61.9,55,54,49.2,46,88,64.7,43,12,4.7,0,29.8,29.7,29.7,0
"704",2018-10-20,0,2018,10,20,0,993,63,57.9,55,57,55.6,54,100,93,82,10,7,0,29.9,29.8,29.8,0
"705",2018-10-21,0,2018,10,21,0,994,57,52.1,48,54,44.8,37,100,77.3,54,17,8.3,0,29.9,29.8,29.8,0
"706",2018-10-22,0,2018,10,22,0,995,54,50.3,48,50,47.2,46,94,90,82,6,3.2,0,29.9,29.9,29.9,0
"707",2018-10-23,0,2018,10,23,0,996,61,53.1,48,50,47.8,43,100,84,55,13,7.6,1,29.9,29.8,29.6,0
"708",2018-10-24,0,2018,10,24,0,997,59,49.4,43,50,44.8,37,94,84,63,23,11.2,3,29.6,29.5,29.4,0
"709",2018-10-25,0,2018,10,25,0,998,57,49,39,41,36.9,34,87,64.3,47,18,10.8,7,29.8,29.7,29.6,0
"710",2018-10-26,0,2018,10,26,0,999,68,57.1,45,46,43.2,39,87,62,37,10,5.8,1,29.7,29.6,29.6,0
"711",2018-10-27,0,2018,10,27,0,1000,79,69.2,61,50,47.2,45,59,46.4,32,15,9.9,5,29.6,29.5,29.4,0
"712",2018-10-28,0,2018,10,28,0,1001,75,67.8,63,52,50.1,46,63,53.3,41,20,14.8,9,29.5,29.5,29.4,0
"713",2018-10-29,0,2018,10,29,0,1002,77,72.3,68,54,52.6,50,60,49.9,41,23,17.3,12,29.5,29.5,29.4,0
"714",2018-10-30,0,2018,10,30,0,1003,72,66.3,55,57,53.9,50,88,64.9,53,26,12.8,1,29.8,29.6,29.4,0
"715",2018-10-31,0,2018,10,31,0,1004,73,59.9,46,50,43,39,94,57,29,10,5,0,29.9,29.9,29.8,0
"716",2018-11-01,0,2018,11,1,0,1005,79,64.1,50,59,52.3,45,88,67.4,42,17,9,0,29.9,29.8,29.8,0
"717",2018-11-02,0,2018,11,2,0,1006,68,64.5,61,57,55,54,82,71.8,64,17,12.2,6,29.9,29.8,29.8,0
"718",2018-11-03,0,2018,11,3,0,1007,75,64.9,57,54,49.7,45,77,58.9,41,18,10.8,1,29.9,29.9,29.8,0
"719",2018-11-04,0,2018,11,4,0,1008,70,59.4,50,46,44.4,39,87,59.6,38,22,11.7,2,29.9,29.8,29.8,0
"720",2018-11-05,0,2018,11,5,4,1009,68,57.9,48,45,42.6,37,72,57.5,37,24,14.6,5,29.8,29.8,29.7,0
"721",2019-04-09,4,2019,4,9,15,1164,72,59.6,50,54,45.7,41,77,61.4,41,16,6.4,2,29.3,29.3,29.3,0
"722",2019-04-16,15,2019,4,16,4,1171,61,51.8,39,46,35.7,30,93,57.6,31,13,6.5,1,29.8,29.8,29.7,0
"723",2019-04-17,4,2019,4,17,4,1172,61,50.5,39,45,38.6,34,87,65.3,42,14,7.4,1,29.8,29.8,29.7,0
"724",2019-04-18,4,2019,4,18,14,1173,63,54.1,41,45,41.9,39,93,65.8,42,9,5.3,2,30,29.9,29.8,0
"725",2019-04-19,14,2019,4,19,11,1174,68,56.8,43,46,40,34,93,57.7,33,14,7.5,0,30,30,29.9,0
"726",2019-04-20,11,2019,4,20,11,1175,64,54.9,39,43,33.5,28,81,47.3,26,13,6.7,0,30,30,29.9,0
"727",2019-04-22,11,2019,4,22,9,1177,75,60.1,41,43,37.2,32,81,45.5,22,29,8.5,0,29.7,29.6,29.5,0
"728",2019-05-01,9,2019,5,1,3,1186,61,53.5,50,52,48.9,46,94,85.2,72,18,12.8,3,29.5,29.5,29.4,0
"729",2019-05-03,3,2019,5,3,4,1188,72,61.4,54,50,46.5,43,82,59.8,35,28,7.9,1,29.5,29.5,29.4,0
"730",2019-05-07,4,2019,5,7,4,1192,55,47.4,43,43,41.1,39,93,79.8,54,18,12.9,6,29.7,29.6,29.6,0
"731",2019-05-08,4,2019,5,8,6,1193,63,51.3,39,41,38.2,36,87,64.4,39,8,5.1,1,29.7,29.7,29.5,0
"732",2019-05-11,6,2019,5,11,1,1196,73,61.8,50,52,48.3,43,88,64.7,33,9,4.8,1,29.6,29.6,29.5,0
"733",2019-05-13,1,2019,5,13,1,1198,70,63.8,59,54,52.3,48,82,66.4,52,21,12.2,0,29.7,29.6,29.6,0
"734",2019-05-17,1,2019,5,17,4,1202,61,55,50,52,49.2,48,100,82.2,67,7,3.3,0,29.6,29.6,29.5,0
"735",2019-05-18,4,2019,5,18,1,1203,75,62.4,46,59,52.5,46,100,72.9,47,14,4.4,0,29.5,29.5,29.4,0
"736",2019-05-19,1,2019,5,19,1,1204,73,63.4,54,61,57.1,54,100,81.9,57,33,6.2,0,29.4,29.4,29.2,0
"737",2019-05-20,1,2019,5,20,3,1205,73,61.6,52,55,52.6,46,100,74.8,38,17,8.1,2,29.4,29.4,29.3,0
"738",2019-05-21,3,2019,5,21,3,1206,72,62.6,54,54,49.8,46,88,64.9,41,18,7.8,3,29.5,29.5,29.4,0
"739",2019-05-22,3,2019,5,22,5,1207,73,64,57,57,54.3,52,100,71.5,50,15,7.8,2,29.6,29.6,29.5,0
"740",2019-05-23,5,2019,5,23,2,1208,66,61.5,57,57,54,50,100,77.2,59,17,9.3,2,29.6,29.6,29.6,0
"741",2019-05-24,2,2019,5,24,20,1209,64,59.5,54,55,51.7,50,88,75.8,63,14,7.7,0,29.6,29.6,29.5,0
"742",2019-05-25,20,2019,5,25,54,1210,75,65.9,55,55,54.1,52,94,67.7,44,13,6.8,3,29.6,29.6,29.5,0
"743",2019-05-26,54,2019,5,26,5,1211,79,69,57,61,54.4,52,83,61.2,42,13,4.7,0,29.6,29.6,29.6,0
"744",2019-05-27,5,2019,5,27,6,1212,70,66.4,63,63,60.5,57,94,80.8,68,12,5.7,0,29.6,29.6,29.5,0
"745",2019-05-28,6,2019,5,28,8,1213,79,66.9,59,63,59.2,55,94,77.8,50,20,7.1,1,29.5,29.4,29.3,0
"746",2019-05-29,8,2019,5,29,8,1214,75,65,61,61,59,55,100,81.7,53,12,5.1,1,29.6,29.5,29.4,0
"747",2019-05-30,8,2019,5,30,6,1215,66,60.2,54,57,54.4,52,100,81.7,68,16,10,5,29.9,29.8,29.6,0
"748",2019-05-31,6,2019,5,31,4,1216,61,56.8,52,55,52.7,50,94,86.8,72,14,9.5,3,29.9,29.8,29.8,0
"749",2019-06-01,4,2019,6,1,46,1217,63,59.3,57,57,56.6,55,100,92,82,12,7,2,29.8,29.7,29.7,0
"750",2019-06-02,46,2019,6,2,7,1218,72,64.4,57,59,57.4,57,100,80,60,8,4,1,29.7,29.7,29.6,0
"751",2019-06-03,7,2019,6,3,59,1219,73,66.3,57,63,59.5,55,100,80,57,12,5.8,1,29.6,29.6,29.6,0
"752",2019-06-04,59,2019,6,4,36,1220,75,66.5,59,64,61.6,57,100,84.9,65,15,5.7,2,29.6,29.5,29.5,0
"753",2019-06-05,36,2019,6,5,42,1221,73,65.8,61,64,61.6,57,100,86.8,65,12,5.3,0,29.5,29.5,29.5,0
"754",2019-06-06,42,2019,6,6,212,1222,77,69.8,61,64,60.3,57,94,73,50,14,6.1,2,29.6,29.6,29.5,0
"755",2019-06-07,212,2019,6,7,210,1223,86,75.4,63,64,62.6,61,94,66.3,43,8,3.6,0,29.7,29.7,29.6,0
"756",2019-06-08,210,2019,6,8,179,1224,88,77.6,68,68,64.8,61,94,67.2,40,18,7.4,0,29.8,29.7,29.7,0
"757",2019-06-09,179,2019,6,9,182,1225,86,74.9,64,64,62.8,61,94,67.3,45,8,4.5,1,29.9,29.8,29.7,0
"758",2019-06-10,182,2019,6,10,96,1226,88,77,68,68,65.2,64,88,69.1,49,9,4.5,1,29.7,29.6,29.6,0
"759",2019-06-11,96,2019,6,11,191,1227,88,76.8,66,66,63.1,61,83,64.5,40,14,6.8,1,29.6,29.6,29.5,0
"760",2019-06-12,191,2019,6,12,366,1228,86,77.1,66,68,64.9,63,88,67.7,48,14,7.8,2,29.6,29.6,29.5,0
"761",2019-06-13,366,2019,6,13,149,1229,93,81.4,68,72,67.4,63,88,64,44,9,5.3,0,29.6,29.6,29.5,0
"762",2019-06-14,149,2019,6,14,155,1230,90,80.5,72,70,61.5,54,94,56.4,31,12,6,0,29.7,29.7,29.6,0
"763",2019-06-15,155,2019,6,15,110,1231,91,80.3,63,70,65,59,88,61.3,43,9,5.2,0,29.7,29.6,29.5,0
"764",2019-06-16,110,2019,6,16,15,1232,91,81.7,68,68,64.7,61,83,58.2,38,14,7.3,2,29.6,29.5,29.5,0
"765",2019-06-17,15,2019,6,17,18,1233,81,72.4,66,68,65,63,94,78.9,61,23,9,1,29.7,29.6,29.6,0
"766",2019-06-18,18,2019,6,18,44,1234,82,73,64,68,65.2,63,100,78.5,58,23,3.9,0,29.7,29.6,29.6,0
"767",2019-06-19,44,2019,6,19,24,1235,84,73.2,63,68,65.8,63,100,79.4,55,15,5.4,2,29.6,29.6,29.5,0
"768",2019-06-20,24,2019,6,20,36,1236,86,73,66,68,65.5,61,100,79.2,48,30,5.8,1,29.6,29.5,29.5,0
"769",2019-06-21,36,2019,6,21,25,1237,86,74.6,63,68,65.2,61,100,74.3,48,14,3.7,0,29.7,29.6,29.6,0
"770",2019-06-22,25,2019,6,22,44,1238,86,76.5,66,68,66.3,63,100,72.8,51,29,4.2,0,29.7,29.6,29.6,0
"771",2019-06-23,44,2019,6,23,25,1239,82,71.6,64,72,65.8,61,100,82.7,61,16,7.8,0,29.6,29.6,29.5,0
"772",2019-06-24,25,2019,6,24,35,1240,81,72,66,66,65,64,94,80.7,58,9,4.4,0,29.8,29.7,29.6,0
"773",2019-06-25,35,2019,6,25,56,1241,84,75.8,66,70,67.5,64,100,77,58,9,4.5,0,29.9,29.8,29.8,0
"774",2019-06-26,56,2019,6,26,60,1242,88,79.6,68,70,67.7,64,100,69.5,46,8,3.7,0,29.9,29.9,29.8,0
"775",2019-06-27,60,2019,6,27,91,1243,90,80.3,68,72,67.8,63,100,68.3,40,24,6,1,29.8,29.7,29.6,0
"776",2019-06-29,91,2019,6,29,109,1245,79,71.6,61,59,54.8,50,88,57.1,39,12,6.1,2,29.8,29.8,29.7,0
"777",2019-06-30,109,2019,6,30,199,1246,82,73.5,63,63,59.5,57,88,63.2,45,6,3.9,0,29.9,29.8,29.8,0
"778",2019-07-01,199,2019,7,1,120,1247,91,79.3,64,70,64.1,59,88,61.7,40,8,4.8,0,29.8,29.7,29.6,0
"779",2019-07-02,120,2019,7,2,32,1248,93,80.9,66,73,67.6,61,88,65.1,44,8,4.1,0,29.6,29.6,29.5,0
"780",2019-07-03,32,2019,7,3,4,1249,84,76.8,68,68,62.9,59,83,62.9,45,10,6.8,0,29.7,29.6,29.6,0
"781",2019-07-04,4,2019,7,4,57,1250,82,73.4,63,64,59.8,57,94,63.7,42,12,6.1,0,29.8,29.7,29.7,0
"782",2019-07-05,57,2019,7,5,65,1251,84,73.8,63,63,61.3,57,88,65.7,48,7,3.9,0,29.7,29.7,29.6,0
"783",2019-07-06,65,2019,7,6,60,1252,90,77.7,64,64,62.3,57,88,61.6,33,9,4.8,0,29.6,29.6,29.5,0
"784",2019-07-07,60,2019,7,7,35,1253,90,77,64,66,62.5,57,94,63.5,40,36,9.2,0,29.5,29.4,29.3,0
"785",2019-07-08,35,2019,7,8,23,1254,79,71.2,64,64,61.2,59,100,72.6,51,12,6.9,3,29.6,29.6,29.5,0
"786",2019-07-09,23,2019,7,9,28,1255,77,69,63,63,59.8,55,94,73.5,50,7,4.2,0,29.6,29.6,29.6,0
"787",2019-07-10,28,2019,7,10,49,1256,68,63.2,59,61,57.1,54,94,81.1,68,13,7.1,2,29.6,29.6,29.6,0
"788",2019-07-11,49,2019,7,11,35,1257,75,64.7,54,54,52,48,94,66.7,38,13,7.8,5,29.6,29.6,29.5,0
"789",2019-07-12,35,2019,7,12,47,1258,79,66.3,55,59,54.4,50,88,66.8,36,14,4,1,29.6,29.6,29.5,0
"790",2019-07-13,47,2019,7,13,26,1259,77,66.8,57,61,57,52,94,73.6,44,24,4.4,0,29.6,29.5,29.4,0
"791",2019-07-14,26,2019,7,14,75,1260,75,65.3,59,61,58.5,57,94,80.3,53,14,9.7,2,29.5,29.5,29.4,0
"792",2019-07-15,75,2019,7,15,61,1261,77,66.7,57,59,56,52,100,71.7,44,10,5.7,1,29.6,29.5,29.5,0
"793",2019-07-16,61,2019,7,16,60,1262,79,68.7,57,57,52.7,46,94,60.4,32,10,4,0,29.6,29.5,29.5,0
"794",2019-07-17,60,2019,7,17,42,1263,81,71.5,59,59,55.9,54,82,60.3,42,13,6.8,2,29.6,29.6,29.5,0
"795",2019-07-18,42,2019,7,18,44,1264,82,72.6,61,61,57.8,55,94,62.7,39,14,4.2,1,29.6,29.6,29.5,0
"796",2019-07-19,44,2019,7,19,143,1265,84,73.6,64,61,59.8,57,88,63.5,42,14,4.3,0,29.7,29.7,29.6,0
"797",2019-07-20,143,2019,7,20,151,1266,86,76.2,63,64,61.6,57,88,62.4,40,6,3.6,0,29.7,29.7,29.7,0
"798",2019-07-21,151,2019,7,21,101,1267,93,79.9,64,64,60.4,54,83,54.8,28,6,2.9,0,29.7,29.7,29.7,0
"799",2019-07-22,101,2019,7,22,109,1268,86,77.2,68,66,63.7,61,94,64.6,45,13,6.4,0,29.8,29.8,29.7,0
"800",2019-07-23,109,2019,7,23,57,1269,88,76.7,66,66,62.1,57,88,62.9,37,13,6.4,2,29.8,29.7,29.6,0
"801",2019-07-24,57,2019,7,24,170,1270,82,74.4,64,63,60.7,59,88,63.5,45,12,6,1,29.7,29.7,29.7,0
"802",2019-07-25,170,2019,7,25,237,1271,88,77.2,63,64,61.4,59,94,61.1,38,7,4.1,0,29.7,29.7,29.6,0
"803",2019-07-26,237,2019,7,26,120,1272,90,79.8,68,64,62.6,57,83,57.8,38,9,4.8,0,29.6,29.5,29.4,0
"804",2019-07-27,120,2019,7,27,105,1273,93,80.4,64,66,64.2,61,94,60.2,36,9,5.1,0,29.4,29.4,29.3,0
"805",2019-07-28,105,2019,7,28,36,1274,88,77.7,68,68,65.8,63,94,69.2,45,17,9.1,1,29.3,29.3,29.2,0
"806",2019-07-29,36,2019,7,29,58,1275,79,72.1,66,68,65.7,63,100,81.6,57,14,6.2,2,29.4,29.3,29.2,0
"807",2019-07-30,58,2019,7,30,85,1276,86,74.9,64,68,65.6,63,100,75.8,45,10,6,1,29.5,29.5,29.4,0
"808",2019-07-31,85,2019,7,31,47,1277,88,79.2,68,70,68.2,66,100,70.9,49,13,8,1,29.6,29.5,29.5,0
"809",2019-08-01,47,2019,8,1,76,1278,86,76.9,68,68,66.2,63,100,71.3,45,12,6.4,1,29.6,29.6,29.5,0
"810",2019-08-02,76,2019,8,2,9,1279,86,76,68,70,65.3,61,94,71.6,45,12,4.9,0,29.6,29.5,29.4,0
"811",2019-08-03,9,2019,8,3,37,1280,79,69,63,66,63.4,55,100,84,54,16,9.3,0,29.5,29.5,29.4,0
"812",2019-08-04,37,2019,8,4,52,1281,77,67.5,61,63,60,55,100,78.5,53,13,7.3,0,29.6,29.6,29.5,0
"813",2019-08-05,52,2019,8,5,107,1282,81,71.2,61,61,57.3,54,88,65,39,8,4.7,0,29.7,29.7,29.6,0
"814",2019-08-06,107,2019,8,6,80,1283,88,75,59,63,57,50,94,57.2,30,10,5.1,0,29.6,29.6,29.6,0
"815",2019-08-07,80,2019,8,7,84,1284,91,80.5,66,68,63.1,57,88,57.1,38,10,6,0,29.6,29.5,29.5,0
"816",2019-08-08,84,2019,8,8,31,1285,90,81.5,68,70,66.3,63,94,61.4,46,10,5.5,0,29.6,29.5,29.5,0
"817",2019-08-09,31,2019,8,9,76,1286,86,77.2,68,68,64,63,88,65.2,48,10,4.9,0,29.6,29.6,29.6,0
"818",2019-08-10,76,2019,8,10,79,1287,91,80.2,66,68,63.3,59,94,59.9,36,9,5,0,29.6,29.6,29.6,0
"819",2019-08-11,79,2019,8,11,84,1288,91,81,68,68,64.3,61,88,59.6,36,7,3.7,0,29.7,29.6,29.6,0
"820",2019-08-12,84,2019,8,12,40,1289,97,85.2,70,68,63.5,59,88,51.5,28,20,8.8,0,29.6,29.6,29.5,0
"821",2019-08-13,40,2019,8,13,67,1290,95,85,73,68,62,57,65,46.9,32,17,9.6,3,29.5,29.5,29.5,0
"822",2019-08-14,67,2019,8,14,78,1291,73,66.9,63,63,61.9,59,94,83.4,69,17,8.9,1,29.6,29.6,29.5,0
"823",2019-08-15,78,2019,8,15,158,1292,77,67.4,61,61,52.2,45,94,62.1,34,12,7.3,3,29.7,29.6,29.6,0
"824",2019-08-16,158,2019,8,16,122,1293,79,67.3,55,57,51.7,46,94,60.2,34,13,5.4,0,29.7,29.7,29.6,0
"825",2019-08-17,122,2019,8,17,119,1294,81,70.8,61,61,56.2,54,94,62.8,39,8,5.1,2,29.7,29.7,29.6,0
"826",2019-08-18,119,2019,8,18,68,1295,88,74.5,57,59,54.7,54,88,53.6,31,7,3.7,0,29.7,29.7,29.6,0
"827",2019-08-19,68,2019,8,19,48,1296,93,79.3,64,59,54.9,50,68,45.3,28,8,4.8,1,29.7,29.7,29.6,0
"828",2019-08-20,48,2019,8,20,5,1297,93,81.6,64,61,58,57,83,47.5,30,12,7.1,0,29.7,29.7,29.7,0
"829",2019-08-21,5,2019,8,21,23,1298,93,83,70,64,56.5,54,61,42.2,26,14,8,0,29.8,29.7,29.7,0
"830",2019-08-22,23,2019,8,22,17,1299,84,74.4,64,66,61.7,57,83,65.3,51,13,6.8,0,29.9,29.8,29.8,0
"831",2019-08-23,17,2019,8,23,15,1300,90,78.7,68,68,65.5,63,94,67,40,8,4.8,1,29.9,29.8,29.7,0
"832",2019-08-24,15,2019,8,24,15,1301,93,81.6,68,64,60.4,57,83,51.7,31,13,7.3,0,29.8,29.7,29.7,0
"833",2019-08-25,15,2019,8,25,34,1302,88,77.5,66,66,62.9,59,94,63.3,40,16,6.4,0,29.8,29.7,29.7,0
"834",2019-08-26,34,2019,8,26,27,1303,88,78.8,68,66,63.5,61,83,61.2,40,20,7.4,1,29.8,29.7,29.7,0
"835",2019-08-27,27,2019,8,27,33,1304,93,77.9,64,68,61.8,55,100,63.6,31,13,6.8,0,29.8,29.7,29.7,0
"836",2019-08-28,33,2019,8,28,20,1305,93,81.1,68,61,56.4,52,73,45,26,17,8,0,29.7,29.7,29.6,0
"837",2019-08-29,20,2019,8,29,22,1306,93,80.6,66,57,52.1,48,64,39.1,23,14,6.2,0,29.7,29.7,29.6,0
"838",2019-08-30,22,2019,8,30,5,1307,91,78.3,63,63,58,55,83,52.6,29,8,4,0,29.8,29.7,29.7,0
"839",2019-08-31,5,2019,8,31,14,1308,91,79.1,66,64,60.3,57,88,55.5,31,9,4,0,29.7,29.7,29.6,0
"840",2019-09-01,14,2019,9,1,18,1309,90,79.1,66,57,50.8,45,68,40,24,13,8.3,3,29.6,29.6,29.5,0
"841",2019-09-02,18,2019,9,2,23,1310,91,78.1,61,54,46.7,43,68,35.6,20,16,6.8,0,29.6,29.6,29.5,0
"842",2019-09-03,23,2019,9,3,18,1311,73,66.8,61,61,56.2,50,88,69.6,44,16,10.1,2,29.8,29.7,29.6,0
"843",2019-09-04,18,2019,9,4,9,1312,75,66.2,59,57,55,50,94,69.7,41,12,5.7,0,29.8,29.8,29.7,0
"844",2019-09-05,9,2019,9,5,14,1313,81,69.5,57,57,55.5,55,94,64.5,42,7,4,1,29.7,29.6,29.6,0
"845",2019-09-06,14,2019,9,6,2,1314,82,72.2,61,59,53,45,88,55.3,26,7,4.3,0,29.7,29.7,29.6,0
"846",2019-09-08,2,2019,9,8,3,1316,84,69,57,64,59.3,52,100,75.3,40,17,5.7,1,29.7,29.6,29.6,0
"847",2019-09-10,3,2019,9,10,5,1318,75,64.8,55,59,56.6,55,100,77.6,50,8,4.1,0,29.8,29.7,29.7,0
"848",2019-09-11,5,2019,9,11,41,1319,82,69.6,57,57,53.7,48,94,61,35,13,6.1,1,29.9,29.8,29.7,0
"849",2019-09-12,41,2019,9,12,24,1320,82,70,57,57,55.1,50,82,61,39,16,6.1,0,30,29.9,29.9,0
"850",2019-09-13,24,2019,9,13,19,1321,81,68.3,57,57,53.3,50,94,61.9,34,12,6.4,1,30.1,30,30,0
"851",2019-09-14,19,2019,9,14,18,1322,81,68.5,57,59,55,52,94,64.3,39,10,5.8,2,30,30,29.9,0
"852",2019-09-15,18,2019,9,15,11,1323,81,67.9,54,55,51.8,50,94,59.2,36,6,3.4,0,30,29.9,29.8,0
"853",2019-09-16,11,2019,9,16,17,1324,84,70.3,55,55,52.8,50,94,57,32,7,3,0,29.8,29.7,29.6,0
"854",2019-09-17,17,2019,9,17,4,1325,86,71.4,54,55,53,50,88,54.5,30,9,4.3,0,29.6,29.6,29.5,0
"855",2019-09-18,4,2019,9,18,4,1326,64,60.3,57,57,51.1,41,100,72.6,45,14,7.7,0,29.9,29.8,29.6,0
"856",2019-09-19,4,2019,9,19,9,1327,64,55.4,46,48,41.2,36,87,61.3,34,8,3.7,0,29.9,29.9,29.9,0
"857",2019-09-20,9,2019,9,20,7,1328,64,53.1,41,41,36.7,34,87,56.6,32,10,6.2,2,30,29.9,29.9,0
"858",2019-09-21,7,2019,9,21,2,1329,68,55.5,41,39,35.6,30,87,51.7,24,9,4.1,1,30,29.9,29.9,0
"859",2019-09-22,2,2019,9,22,4,1330,79,61.8,43,48,39.1,34,87,48.9,22,8,3.6,0,29.9,29.7,29.6,0
"860",2019-09-23,4,2019,9,23,2,1331,75,65.9,59,55,49.6,46,73,57.2,38,8,4.8,0,29.6,29.6,29.5,0
"861",2019-09-24,2,2019,9,24,2,1332,64,60.5,57,61,57.7,54,100,91.4,68,13,6,0,29.6,29.5,29.4,0
"862",2019-09-25,2,2019,9,25,2,1333,70,61.6,54,59,56.6,54,100,85.2,64,6,3.7,1,29.6,29.5,29.5,0
"863",2019-09-26,2,2019,9,26,1,1334,66,60.8,55,61,58.5,55,100,93.1,68,13,5.6,0,29.7,29.6,29.5,0
"864",2019-09-27,1,2019,9,27,2,1335,75,62.9,54,55,53.5,52,100,74.3,44,9,5.3,1,29.7,29.7,29.7,0
"865",2019-09-28,2,2019,9,28,3,1336,81,67.2,54,57,53.9,50,94,64.8,42,9,5.3,0,29.7,29.7,29.6,0
"866",2019-09-29,3,2019,9,29,4,1337,79,66,55,57,55.6,54,94,71.8,44,8,3.5,0,29.7,29.7,29.5,0
"867",2019-09-30,4,2019,9,30,1,1338,82,70.8,59,57,54.1,50,88,58.5,35,17,8.7,2,29.6,29.5,29.4,0
"868",2019-10-01,1,2019,10,1,5,1339,79,68.3,59,50,45.6,41,68,45.9,28,10,5.2,0,29.7,29.6,29.5,0
"869",2019-10-02,5,2019,10,2,1,1340,84,70.2,55,57,49.7,45,77,50.4,28,16,5.5,0,29.5,29.4,29.3,0
"870",2019-10-03,1,2019,10,3,2,1341,66,56.1,52,59,51.4,45,100,85.5,63,20,10,2,29.6,29.5,29.3,0
"871",2019-10-05,2,2019,10,5,1,1343,63,53.8,43,48,44,41,94,71.2,48,10,4.1,1,29.5,29.5,29.4,0
"872",2019-10-06,1,2019,10,6,4,1344,57,51.4,46,48,45,43,100,79.5,59,21,10.3,0,29.7,29.6,29.5,0
"873",2020-02-16,4,2020,2,16,17,1477,57,43.3,30,39,34.3,30,100,73.5,44,15,7.5,3,30.1,30,30,0
"874",2020-05-12,17,2020,5,12,17,1563,73,62.6,54,54,41.8,36,59,47.3,25,22,9.8,0,29.7,29.5,29.3,0
"875",2020-05-13,17,2020,5,13,5,1564,81,66.8,48,54,46.1,36,66,48.2,36,20,9.7,0,29.7,29.6,29.4,0
"876",2020-05-14,5,2020,5,14,19,1565,77,71.3,64,68,57.4,48,94,63.6,38,26,9.6,3,29.6,29.5,29.4,0
"877",2020-05-15,19,2020,5,15,3,1566,73,63.6,55,63,59,50,100,86,64,14,6.4,1,29.7,29.5,29.4,0
"878",2020-05-16,3,2020,5,16,8,1567,68,61.1,54,50,47.1,45,77,61.3,46,13,5.8,1,29.9,29.8,29.7,0
"879",2020-05-17,8,2020,5,17,6,1568,68,63,57,61,55.9,50,100,78.2,56,8,4.6,0,29.9,29.8,29.7,0
"880",2020-05-18,6,2020,5,18,17,1569,72,64.4,57,59,54.8,50,100,73.9,49,7,3,0,29.9,29.8,29.8,0
"881",2020-05-19,17,2020,5,19,5,1570,75,67.2,59,63,59.1,54,100,76.6,57,12,5.2,0,29.8,29.7,29.6,0
"882",2020-05-20,5,2020,5,20,6,1571,66,62.1,57,63,57.9,50,100,86.4,68,20,9.2,0,29.6,29.5,29.5,0
"883",2020-05-21,6,2020,5,21,8,1572,68,59.6,46,50,41.9,34,87,54.6,30,16,10.4,3,29.8,29.7,29.6,0
"884",2020-05-22,8,2020,5,22,11,1573,70,58.6,46,43,36.3,30,82,46.8,24,12,5.9,1,29.9,29.9,29.8,0
"885",2020-05-24,11,2020,5,24,6,1575,66,59.9,52,55,50.8,43,100,72.9,46,20,12.3,5,29.9,29.9,29.7,0
"886",2020-05-25,6,2020,5,25,7,1576,68,57.7,46,50,45.4,41,93,65.6,40,17,9.5,1,29.9,29.9,29.8,0
"887",2020-05-27,7,2020,5,27,6,1578,68,56,46,55,50.6,46,100,83.4,52,16,9.2,3,29.9,29.9,29.9,0
"888",2020-05-28,6,2020,5,28,2,1579,70,58.8,50,54,51.3,46,100,78.2,46,17,10.5,6,29.9,29.8,29.7,0
"889",2020-05-29,2,2020,5,29,4,1580,68,58.5,52,54,51.9,48,100,80,52,18,10.3,0,29.8,29.7,29.7,0
"890",2020-05-31,4,2020,5,31,25,1582,64,55.6,46,48,45.1,43,88,69,45,20,12.2,5,29.6,29.6,29.6,0
"891",2020-06-02,25,2020,6,2,10,1584,68,56.7,48,55,50.8,43,100,83.4,40,15,6.2,2,29.6,29.5,29.5,0
"892",2020-06-03,10,2020,6,3,2,1585,70,58.4,48,55,52.2,48,100,81.2,52,14,9,3,29.5,29.4,29.3,0
"893",2020-06-04,2,2020,6,4,8,1586,81,68,54,59,52.9,48,94,61.9,34,15,8.2,2,29.4,29.3,29.3,0
"894",2020-06-05,8,2020,6,5,21,1587,81,70.4,64,61,51.7,45,88,53.5,37,22,14.6,7,29.4,29.3,29.2,0
"895",2020-06-06,21,2020,6,6,47,1588,77,69,59,63,58.8,54,94,70.4,54,10,5.3,1,29.4,29.4,29.4,0
"896",2020-06-07,47,2020,6,7,31,1589,84,73.1,61,63,59.4,54,100,65.4,37,12,5.2,0,29.4,29.4,29.4,0
"897",2020-06-08,31,2020,6,8,46,1590,79,69.9,61,66,61.2,55,100,75,47,17,5.8,0,29.5,29.4,29.4,0
"898",2020-06-09,46,2020,6,9,6,1591,79,66.3,59,64,62.1,59,100,87.5,54,21,5,1,29.5,29.5,29.4,0
"899",2020-06-10,6,2020,6,10,13,1592,77,65.8,59,64,61.9,57,100,88.6,54,21,6.3,1,29.5,29.5,29.4,0
"900",2020-06-11,13,2020,6,11,29,1593,73,62.1,55,64,59.7,55,100,92.3,68,10,4.4,0,29.5,29.5,29.4,0
"901",2020-06-12,29,2020,6,12,45,1594,77,66.6,57,61,57.4,55,100,74.7,47,15,9.4,3,29.5,29.5,29.4,0
"902",2020-06-13,45,2020,6,13,41,1595,81,72.4,63,61,58.4,55,82,62.8,45,16,10.6,3,29.5,29.4,29.4,0
"903",2020-06-14,41,2020,6,14,46,1596,82,73.4,63,63,59.6,57,83,63.2,45,21,9.9,6,29.4,29.4,29.4,0
"904",2020-06-15,46,2020,6,15,42,1597,75,67.2,61,64,61.6,57,94,82.6,65,17,7.5,2,29.5,29.5,29.4,0
"905",2020-06-16,42,2020,6,16,31,1598,72,66.3,63,64,61.8,61,94,85.5,69,16,8.9,5,29.5,29.5,29.4,0
"906",2020-06-17,31,2020,6,17,31,1599,72,65.4,61,63,60.8,57,94,85,69,16,9.8,5,29.5,29.4,29.4,0
"907",2020-06-18,31,2020,6,18,42,1600,75,68.5,63,64,62.7,61,100,81.3,61,18,9,3,29.5,29.5,29.4,0
"908",2020-06-19,42,2020,6,19,23,1601,81,70.6,61,61,58.9,55,94,68.8,42,15,9,3,29.6,29.6,29.5,0
"909",2020-06-20,23,2020,6,20,5,1602,75,67,59,61,58.5,55,94,75.3,53,17,9.6,2,29.6,29.6,29.5,0
"910",2020-06-21,5,2020,6,21,13,1603,64,62.1,59,61,58.5,55,100,88.5,82,16,12.7,9,29.6,29.5,29.5,0
"911",2020-06-22,13,2020,6,22,22,1604,70,64.3,61,66,63.1,59,100,96.2,83,14,11.8,9,29.5,29.5,29.5,0
"912",2020-07-14,22,2020,7,14,15,1626,77,65.8,48,50,46.7,45,87,53.6,32,9,4.6,1,29.7,29.7,29.6,0
"913",2020-07-15,15,2020,7,15,32,1627,81,69.6,54,55,50.7,46,82,53.5,34,7,3.5,0,29.6,29.6,29.6,0
"914",2020-07-16,32,2020,7,16,23,1628,81,72.6,64,61,57.4,50,88,61.5,34,20,6.2,0,29.6,29.6,29.5,0
"915",2020-07-17,23,2020,7,17,11,1629,70,63.5,57,61,58.1,55,100,83.3,60,16,8.2,0,29.6,29.6,29.6,0
"916",2020-07-18,11,2020,7,18,6,1630,73,63.6,57,61,56.7,54,100,80.5,50,10,6.3,2,29.6,29.6,29.6,0
"917",2020-07-19,6,2020,7,19,15,1631,72,65.1,59,61,57.9,54,100,79.6,53,15,7.1,2,29.6,29.6,29.6,0
"918",2020-07-20,15,2020,7,20,82,1632,79,70.6,63,61,59.4,57,94,69.4,51,7,4.3,0,29.7,29.7,29.6,0
"919",2020-07-21,82,2020,7,21,115,1633,86,76,63,64,61.7,59,94,63.5,40,6,4.1,1,29.8,29.7,29.7,0
"920",2020-07-22,115,2020,7,22,117,1634,88,78.3,64,66,62.3,55,94,60.7,33,8,4.7,2,29.7,29.7,29.6,0
"921",2020-07-23,117,2020,7,23,98,1635,86,75.7,64,68,63.5,61,94,67.8,45,10,4.9,0,29.6,29.6,29.5,0
"922",2020-07-24,98,2020,7,24,64,1636,86,74.3,61,68,64.8,61,100,75.2,48,22,5.6,2,29.6,29.5,29.4,0
"923",2020-07-25,64,2020,7,25,52,1637,77,69.4,64,68,64.8,63,100,86.5,61,14,7,1,29.6,29.5,29.4,0
"924",2020-07-26,52,2020,7,26,82,1638,82,70.1,63,68,64.2,61,100,83.1,51,16,6.4,2,29.6,29.6,29.6,0
"925",2020-07-27,82,2020,7,27,44,1639,84,75.2,66,68,63.5,59,100,69.9,42,13,7,3,29.7,29.7,29.6,0
"926",2020-07-28,44,2020,7,28,77,1640,90,77.8,66,64,60.5,55,88,58.6,33,8,5.2,2,29.7,29.7,29.6,0
"927",2020-07-29,77,2020,7,29,172,1641,91,80.5,64,66,61.5,54,94,55.4,28,9,4.8,0,29.7,29.6,29.6,0
"928",2020-07-30,172,2020,7,30,241,1642,93,82.1,68,68,64,59,83,56.3,36,8,3.7,0,29.7,29.7,29.6,0
"929",2020-07-31,241,2020,7,31,181,1643,93,82.9,72,70,67.7,64,88,61.7,41,9,4.6,0,29.7,29.6,29.6,0
